HBO,HHB,CCO,a,b,ID
50.24660847826364,5.725514231292269,12.80457260439966,3.7450655358916367,3.0401745968048894,14001
92.74660847826364,23.22551423129227,3.8045726043996595,2.1950655358916364,1.5401745968048892,14002
28.996608478263646,31.97551423129227,8.30457260439966,2.970065535891637,0.7901745968048892,14003
71.49660847826364,14.47551423129227,17.30457260439966,1.4200655358916368,2.2901745968048894,14004
82.12160847826364,27.60051423129227,19.554572604399663,4.132565535891636,0.41517459680488916,14005
39.62160847826365,10.10051423129227,10.55457260439966,2.5825655358916366,1.9151745968048897,14006
18.37160847826365,36.350514231292266,15.05457260439966,3.3575655358916365,2.6651745968048894,14007
60.87160847826364,18.85051423129227,6.0545726043996595,1.8075655358916367,1.1651745968048892,14008
55.55910847826364,29.78801423129227,16.17957260439966,2.388815535891637,1.3526745968048892,14009
98.05910847826364,12.28801423129227,7.1795726043996595,3.938815535891637,2.8526745968048894,14010
34.30910847826365,38.538014231292266,2.6795726043996595,1.6138155358916366,2.1026745968048894,14011
76.80910847826364,21.03801423129227,11.67957260439966,3.163815535891637,0.6026745968048892,14012
66.18410847826364,34.163014231292266,4.9295726043996595,2.001315535891637,1.7276745968048897,14013
23.684108478263646,16.66301423129227,13.92957260439966,3.5513155358916366,3.2276745968048894,14014
87.43410847826364,25.41301423129227,9.42957260439966,1.2263155358916367,0.9776745968048892,14015
44.93410847826364,7.913014231292269,18.429572604399663,2.7763155358916367,2.4776745968048894,14016
44.27004597826364,31.15520173129227,9.28894760439966,3.9630342858916365,0.7198620968048892,14017
86.77004597826364,13.65520173129227,18.288947604399663,2.4130342858916367,2.2198620968048894,14018
23.020045978263646,39.905201731292266,4.7889476043996595,3.1880342858916366,2.9698620968048894,14019
65.52004597826364,22.40520173129227,13.78894760439966,1.6380342858916368,1.4698620968048892,14020
76.14504597826364,35.530201731292266,2.5389476043996595,3.575534285891637,2.5948620968048894,14021
33.64504597826365,18.03020173129227,11.53894760439966,2.0255342858916365,1.0948620968048892,14022
97.39504597826364,26.78020173129227,16.03894760439966,2.8005342858916364,0.34486209680488916,14023
54.89504597826364,9.28020173129227,7.0389476043996595,1.2505342858916366,1.8448620968048897,14024
60.20754597826364,7.092701731292269,14.91394760439966,2.2192842858916366,2.0323620968048894,14025
17.70754597826365,24.59270173129227,5.9139476043996595,3.769284285891637,0.5323620968048892,14026
38.95754597826365,33.342701731292266,19.413947604399663,1.4442842858916367,1.2823620968048892,14027
81.45754597826364,15.84270173129227,10.41394760439966,2.994284285891637,2.7823620968048894,14028
70.83254597826364,28.96770173129227,8.16394760439966,2.606784285891637,0.9073620968048892,14029
28.332545978263646,11.46770173129227,17.16394760439966,4.156784285891637,2.4073620968048894,14030
92.08254597826364,37.717701731292266,12.66394760439966,1.8317842858916367,1.6573620968048897,14031
49.58254597826364,20.21770173129227,3.6639476043996595,3.3817842858916367,3.1573620968048894,14032
52.23879597826364,36.623951731292266,5.3514476043996595,2.7036592858916366,1.5636120968048892,14033
94.73879597826364,19.12395173129227,14.35144760439966,1.1536592858916366,3.0636120968048894,14034
30.988795978263646,27.87395173129227,9.85144760439966,3.4786592858916365,2.3136120968048894,14035
73.48879597826364,10.37395173129227,18.851447604399663,1.9286592858916367,0.8136120968048892,14036
84.11379597826364,32.248951731292266,16.60144760439966,3.091159285891637,1.9386120968048897,14037
41.61379597826365,14.74895173129227,7.6014476043996595,1.5411592858916368,0.43861209680488916,14038
20.363795978263646,5.998951731292269,3.1014476043996595,3.8661592858916367,1.1886120968048892,14039
62.86379597826364,23.49895173129227,12.10144760439966,2.3161592858916364,2.6886120968048894,14040
57.55129597826364,25.68645173129227,17.72644760439966,1.7349092858916366,2.8761120968048894,14041
15.051295978263648,8.18645173129227,8.72644760439966,3.284909285891637,1.3761120968048892,14042
36.30129597826365,34.436451731292266,13.22644760439966,2.509909285891637,0.6261120968048892,14043
78.80129597826364,16.93645173129227,4.2264476043996595,4.059909285891637,2.1261120968048894,14044
68.17629597826364,38.811451731292266,10.97644760439966,1.3474092858916367,3.2511120968048894,14045
25.676295978263646,21.31145173129227,19.976447604399663,2.8974092858916367,1.7511120968048897,14046
89.42629597826364,30.06145173129227,6.4764476043996595,2.122409285891637,2.5011120968048894,14047
46.92629597826364,12.56145173129227,15.47644760439966,3.6724092858916366,1.0011120968048892,14048
45.59817097826364,39.358326731292266,19.132697604399663,2.5583467858916364,1.6104870968048897,14049
88.09817097826364,21.85832673129227,10.13269760439966,4.108346785891637,3.1104870968048894,14050
24.348170978263646,30.60832673129227,14.63269760439966,1.7833467858916365,0.8604870968048892,14051
66.84817097826364,13.10832673129227,5.6326976043996595,3.333346785891637,2.3604870968048894,14052
77.47317097826364,26.23332673129227,12.38269760439966,2.1708467858916367,1.2354870968048892,14053
34.97317097826365,8.73332673129227,3.3826976043996595,3.7208467858916365,2.7354870968048894,14054
98.72317097826364,34.983326731292266,7.8826976043996595,1.3958467858916368,1.9854870968048897,14055
56.22317097826364,17.48332673129227,16.88269760439966,2.9458467858916366,0.48548709680488916,14056
61.53567097826364,32.795826731292266,4.5076976043996595,3.527096785891637,3.2979870968048894,14057
19.035670978263646,15.29582673129227,13.50769760439966,1.9770967858916366,1.7979870968048897,14058
40.28567097826365,6.545826731292269,9.00769760439966,2.752096785891637,2.5479870968048894,14059
82.78567097826364,24.04582673129227,18.007697604399663,1.2020967858916367,1.0479870968048892,14060
72.16067097826364,37.170826731292266,15.75769760439966,3.9145967858916366,2.9229870968048894,14061
29.660670978263646,19.67082673129227,6.7576976043996595,2.364596785891637,1.4229870968048892,14062
93.41067097826364,28.42082673129227,2.2576976043996595,3.1395967858916367,0.6729870968048892,14063
50.91067097826364,10.92082673129227,11.25769760439966,1.5895967858916367,2.1729870968048894,14064
48.25442097826364,27.32707673129227,14.07019760439966,1.2989717858916368,2.4542370968048894,14065
90.75442097826364,9.82707673129227,5.0701976043996595,2.848971785891637,0.9542370968048892,14066
27.004420978263646,36.077076731292266,18.570197604399663,2.0739717858916364,3.2042370968048894,14067
69.50442097826364,18.57707673129227,9.57019760439966,3.6239717858916367,1.7042370968048897,14068
80.12942097826364,5.452076731292269,7.3201976043996595,1.6864717858916367,0.5792370968048892,14069
37.62942097826365,22.95207673129227,16.32019760439966,3.2364717858916365,2.0792370968048894,14070
16.37942097826365,31.70207673129227,11.82019760439966,2.4614717858916366,2.8292370968048894,14071
58.87942097826364,14.20207673129227,2.8201976043996595,4.011471785891636,1.3292370968048892,14072
53.56692097826364,33.889576731292266,10.69519760439966,3.0427217858916364,1.1417370968048892,14073
96.06692097826364,16.38957673129227,19.695197604399663,1.4927217858916366,2.6417370968048894,14074
32.31692097826365,25.13957673129227,6.1951976043996595,3.817721785891637,1.8917370968048897,14075
74.81692097826364,7.639576731292269,15.19519760439966,2.267721785891637,0.39173709680488916,14076
64.19192097826364,29.51457673129227,3.9451976043996595,2.6552217858916367,2.2667370968048894,14077
21.691920978263646,12.01457673129227,12.94519760439966,1.1052217858916367,0.7667370968048892,14078
85.44192097826364,38.264576731292266,17.44519760439966,3.4302217858916366,1.5167370968048892,14079
42.94192097826364,20.76457673129227,8.44519760439966,1.8802217858916368,3.0167370968048894,14080
42.77590535326364,38.332936106292266,10.16785385439966,2.903463973391637,1.9796277218048897,14081
85.27590535326364,20.83293610629227,19.167853854399663,1.3534639733916367,0.47962772180488916,14082
21.525905353263646,29.58293610629227,5.6678538543996595,3.678463973391637,1.2296277218048892,14083
64.02590535326364,12.08293610629227,14.66785385439966,2.1284639733916366,2.7296277218048894,14084
74.65090535326364,25.20793610629227,3.4178538543996595,3.2909639733916367,0.8546277218048892,14085
32.15090535326365,7.707936106292269,12.41785385439966,1.7409639733916367,2.3546277218048894,14086
95.90090535326364,33.957936106292266,16.91785385439966,4.065963973391637,1.6046277218048897,14087
53.40090535326364,16.45793610629227,7.9178538543996595,2.515963973391637,3.1046277218048894,14088
58.71340535326364,31.77043610629227,13.54285385439966,1.5472139733916368,0.6671277218048892,14089
16.21340535326365,14.27043610629227,4.5428538543996595,3.0972139733916366,2.1671277218048894,14090
37.46340535326365,5.520436106292269,18.042853854399663,2.3222139733916367,2.9171277218048894,14091
79.96340535326364,23.02043610629227,9.04285385439966,3.8722139733916365,1.4171277218048892,14092
69.33840535326364,36.145436106292266,6.7928538543996595,1.1597139733916366,2.5421277218048894,14093
26.838405353263646,18.64543610629227,15.79285385439966,2.7097139733916364,1.0421277218048892,14094
90.58840535326364,27.39543610629227,11.29285385439966,1.9347139733916365,3.2921277218048894,14095
48.08840535326364,9.89543610629227,2.2928538543996595,3.484713973391637,1.7921277218048897,14096
50.74465535326364,28.48918610629227,5.1053538543996595,3.969088973391637,2.8233777218048894,14097
93.24465535326364,10.98918610629227,14.10535385439966,2.419088973391637,1.3233777218048892,14098
29.494655353263646,37.239186106292266,9.60535385439966,3.194088973391637,0.5733777218048892,14099
71.99465535326364,19.73918610629227,18.605353854399663,1.6440889733916366,2.0733777218048894,14100
82.61965535326364,6.614186106292269,16.35535385439966,3.5815889733916366,3.1983777218048894,14101
40.11965535326365,24.11418610629227,7.3553538543996595,2.031588973391637,1.6983777218048897,14102
18.86965535326365,32.864186106292266,2.8553538543996595,2.8065889733916367,2.4483777218048894,14103
61.36965535326364,15.36418610629227,11.85535385439966,1.2565889733916367,0.9483777218048892,14104
56.05715535326364,35.051686106292266,19.730353854399663,1.8378389733916367,1.5108777218048892,14105
98.55715535326364,17.55168610629227,10.73035385439966,3.3878389733916365,3.0108777218048894,14106
34.80715535326365,26.30168610629227,15.23035385439966,4.162838973391636,2.2608777218048894,14107
77.30715535326364,8.80168610629227,6.2303538543996595,2.6128389733916366,0.7608777218048892,14108
66.68215535326364,30.67668610629227,12.98035385439966,2.2253389733916364,1.8858777218048897,14109
24.182155353263646,13.17668610629227,3.9803538543996595,3.7753389733916367,0.38587772180488916,14110
87.93215535326364,39.426686106292266,8.48035385439966,1.4503389733916368,1.1358777218048892,14111
45.43215535326364,21.92668610629227,17.48035385439966,3.000338973391637,2.6358777218048894,14112
46.76028035326364,30.12981110629227,18.324103854399663,1.2081514733916368,0.33900272180488916,14113
89.26028035326364,12.62981110629227,9.32410385439966,2.758151473391637,1.8390027218048897,14114
25.510280353263646,38.879811106292266,13.82410385439966,1.9831514733916367,2.5890027218048894,14115
68.01028035326364,21.37981110629227,4.8241038543996595,3.5331514733916367,1.0890027218048892,14116
78.63528035326364,34.504811106292266,11.57410385439966,1.5956514733916367,2.9640027218048894,14117
36.13528035326365,17.00481110629227,2.5741038543996595,3.1456514733916365,1.4640027218048892,14118
99.88528035326364,25.75481110629227,7.0741038543996595,2.3706514733916366,0.7140027218048892,14119
57.38528035326364,8.25481110629227,16.07410385439966,3.920651473391637,2.2140027218048894,14120
62.69778035326364,6.067311106292269,5.9491038543996595,3.3394014733916366,1.6515027218048897,14121
20.197780353263646,23.56731110629227,14.94910385439966,1.7894014733916368,3.1515027218048894,14122
41.44778035326365,32.317311106292266,10.44910385439966,4.114401473391636,0.9015027218048892,14123
83.94778035326364,14.81731110629227,19.449103854399663,2.5644014733916367,2.4015027218048894,14124
73.32278035326364,27.94231110629227,17.19910385439966,2.9519014733916364,1.2765027218048892,14125
30.822780353263646,10.44231110629227,8.19910385439966,1.4019014733916366,2.7765027218048894,14126
94.57278035326364,36.692311106292266,3.6991038543996595,3.726901473391637,2.0265027218048894,14127
52.07278035326364,19.19231110629227,12.69910385439966,2.176901473391637,0.5265027218048892,14128
49.41653035326364,37.786061106292266,14.38660385439966,2.273776473391637,1.1827527218048892,14129
91.91653035326364,20.28606110629227,5.3866038543996595,3.8237764733916366,2.6827527218048894,14130
28.166530353263646,29.03606110629227,18.886603854399663,1.4987764733916367,1.9327527218048897,14131
70.66653035326364,11.53606110629227,9.88660385439966,3.0487764733916367,0.43275272180488916,14132
81.29153035326364,33.411061106292266,7.6366038543996595,1.8862764733916366,2.3077527218048894,14133
38.79153035326365,15.91106110629227,16.63660385439966,3.436276473391637,0.8077527218048892,14134
17.54153035326365,7.161061106292269,12.13660385439966,1.1112764733916367,1.5577527218048892,14135
60.04153035326364,24.66106110629227,3.1366038543996595,2.661276473391637,3.0577527218048894,14136
54.72903035326364,26.84856110629227,8.76160385439966,3.6300264733916365,2.4952527218048894,14137
97.22903035326364,9.34856110629227,17.76160385439966,2.0800264733916367,0.9952527218048892,14138
33.47903035326365,35.598561106292266,4.2616038543996595,2.8550264733916366,3.2452527218048894,14139
75.97903035326364,18.09856110629227,13.26160385439966,1.3050264733916366,1.7452527218048897,14140
65.35403035326364,39.973561106292266,2.0116038543996595,4.017526473391637,0.6202527218048892,14141
22.854030353263646,22.47356110629227,11.01160385439966,2.4675264733916364,2.1202527218048894,14142
86.60403035326364,31.22356110629227,15.51160385439966,3.242526473391637,2.8702527218048894,14143
44.10403035326364,13.72356110629227,6.5116038543996595,1.6925264733916365,1.3702527218048892,14144
44.76809285326364,25.48137360629227,15.65222885439966,2.1042452233916364,1.8155652218048897,14145
87.26809285326364,7.981373606292269,6.6522288543996595,3.6542452233916367,0.31556522180488916,14146
23.518092853263646,34.231373606292266,2.1522288543996595,1.3292452233916368,1.0655652218048892,14147
66.01809285326364,16.73137360629227,11.15222885439966,2.879245223391637,2.5655652218048894,14148
76.64309285326364,38.606373606292266,4.4022288543996595,2.4917452233916366,1.4405652218048892,14149
34.14309285326365,21.10637360629227,13.40222885439966,4.041745223391636,2.9405652218048894,14150
97.89309285326364,29.85637360629227,8.90222885439966,1.7167452233916367,2.1905652218048894,14151
55.39309285326364,12.35637360629227,17.90222885439966,3.2667452233916365,0.6905652218048892,14152
60.70559285326364,36.418873606292266,12.27722885439966,3.847995223391637,3.1280652218048894,14153
18.20559285326365,18.91887360629227,3.2772288543996595,2.297995223391637,1.6280652218048897,14154
39.45559285326365,27.66887360629227,7.7772288543996595,3.0729952233916364,2.3780652218048894,14155
81.95559285326364,10.16887360629227,16.77722885439966,1.5229952233916366,0.8780652218048892,14156
71.33059285326364,32.043873606292266,19.027228854399663,3.4604952233916366,2.7530652218048894,14157
28.830592853263646,14.54387360629227,10.02722885439966,1.9104952233916368,1.2530652218048892,14158
92.58059285326364,5.793873606292269,14.52722885439966,2.6854952233916367,0.5030652218048892,14159
50.08059285326364,23.29387360629227,5.5272288543996595,1.1354952233916367,2.0030652218048894,14160
52.73684285326364,6.887623606292269,3.8397288543996595,1.8136202233916365,2.6593152218048894,14161
95.23684285326364,24.38762360629227,12.83972885439966,3.363620223391637,1.1593152218048892,14162
31.48684285326365,33.137623606292266,17.33972885439966,2.5886202233916364,0.40931522180488916,14163
73.98684285326364,15.63762360629227,8.33972885439966,4.138620223391637,1.9093152218048897,14164
84.61184285326364,28.76262360629227,10.58972885439966,1.4261202233916368,0.7843152218048892,14165
42.11184285326365,11.26262360629227,19.589728854399663,2.9761202233916366,2.2843152218048894,14166
20.861842853263646,37.512623606292266,6.0897288543996595,2.2011202233916367,3.0343152218048894,14167
63.36184285326364,20.01262360629227,15.08972885439966,3.7511202233916365,1.5343152218048892,14168
58.04934285326364,30.95012360629227,7.2147288543996595,2.782370223391637,0.9718152218048892,14169
15.549342853263648,13.45012360629227,16.21472885439966,1.2323702233916367,2.4718152218048894,14170
36.79934285326365,39.700123606292266,11.71472885439966,3.557370223391637,1.7218152218048897,14171
79.29934285326364,22.20012360629227,2.7147288543996595,2.0073702233916366,3.2218152218048894,14172
68.67434285326364,35.325123606292266,13.96472885439966,3.1698702233916367,2.0968152218048894,14173
26.174342853263646,17.82512360629227,4.9647288543996595,1.6198702233916367,0.5968152218048892,14174
89.92434285326364,26.57512360629227,18.464728854399663,3.9448702233916366,1.3468152218048892,14175
47.42434285326364,9.07512360629227,9.46472885439966,2.394870223391637,2.8468152218048894,14176
46.09621785326364,33.684498606292266,8.05847885439966,3.4120577233916367,0.45619022180488916,14177
88.59621785326364,16.18449860629227,17.05847885439966,1.8620577233916367,1.9561902218048897,14178
24.846217853263646,24.93449860629227,12.55847885439966,2.637057723391637,2.7061902218048894,14179
67.34621785326364,7.434498606292269,3.5584788543996595,4.187057723391637,1.2061902218048892,14180
77.97121785326364,29.30949860629227,14.80847885439966,3.799557723391637,2.3311902218048894,14181
35.47121785326365,11.80949860629227,5.8084788543996595,2.2495577233916366,0.8311902218048892,14182
99.22121785326364,38.059498606292266,19.308478854399663,3.024557723391637,3.0811902218048894,14183
56.72121785326364,20.55949860629227,10.30847885439966,1.4745577233916367,1.5811902218048897,14184
62.03371785326364,27.12199860629227,2.4334788543996595,2.4433077233916367,2.1436902218048894,14185
19.533717853263646,9.62199860629227,11.43347885439966,3.9933077233916365,0.6436902218048892,14186
40.78371785326365,35.871998606292266,15.93347885439966,1.6683077233916368,1.3936902218048892,14187
83.28371785326364,18.37199860629227,6.9334788543996595,3.2183077233916366,2.8936902218048894,14188
72.65871785326364,5.246998606292269,9.18347885439966,2.0558077233916365,1.0186902218048892,14189
30.158717853263646,22.74699860629227,18.183478854399663,3.605807723391637,2.5186902218048894,14190
93.90871785326364,31.49699860629227,4.6834788543996595,1.2808077233916366,1.7686902218048897,14191
51.40871785326364,13.99699860629227,13.68347885439966,2.8308077233916364,3.2686902218048894,14192
48.75246785326364,32.590748606292266,10.87097885439966,3.121432723391637,1.2999402218048892,14193
91.25246785326364,15.09074860629227,19.870978854399663,1.5714327233916368,2.7999402218048894,14194
27.502467853263646,6.340748606292269,6.3709788543996595,3.8964327233916367,2.0499402218048894,14195
70.00246785326364,23.84074860629227,15.37097885439966,2.3464327233916364,0.5499402218048892,14196
80.62746785326364,36.965748606292266,17.62097885439966,2.7339327233916366,1.6749402218048897,14197
38.12746785326365,19.46574860629227,8.62097885439966,1.1839327233916366,3.1749402218048894,14198
16.87746785326365,28.21574860629227,13.12097885439966,3.5089327233916365,0.9249402218048892,14199
59.37746785326364,10.71574860629227,4.1209788543996595,1.9589327233916367,2.4249402218048894,14200
54.06496785326364,39.153248606292266,16.49597885439966,1.3776827233916367,2.9874402218048894,14201
96.56496785326364,21.65324860629227,7.4959788543996595,2.9276827233916367,1.4874402218048892,14202
32.81496785326365,30.40324860629227,2.9959788543996595,2.152682723391637,0.7374402218048892,14203
75.31496785326364,12.90324860629227,11.99597885439966,3.7026827233916366,2.2374402218048894,14204
64.68996785326364,26.02824860629227,5.2459788543996595,1.7651827233916366,0.36244022180488916,14205
22.189967853263646,8.52824860629227,14.24597885439966,3.315182723391637,1.8624402218048897,14206
85.93996785326364,34.778248606292266,9.74597885439966,2.540182723391637,2.6124402218048894,14207
43.43996785326364,17.27824860629227,18.745978854399663,4.090182723391637,1.1124402218048892,14208
43.10793660326364,32.180592356292266,6.3006663543996595,2.334323348391637,2.5538464718048894,14209
85.60793660326364,14.68059235629227,15.30066635439966,3.8843233483916366,1.0538464718048892,14210
21.857936603263646,5.930592356292269,10.80066635439966,1.5593233483916367,0.30384647180488916,14211
64.35793660326364,23.43059235629227,19.800666354399663,3.1093233483916367,1.8038464718048897,14212
74.98293660326364,36.555592356292266,17.55066635439966,1.9468233483916366,0.6788464718048892,14213
32.48293660326365,19.05559235629227,8.55066635439966,3.496823348391637,2.1788464718048894,14214
96.23293660326364,27.80559235629227,4.0506663543996595,1.1718233483916367,2.9288464718048894,14215
53.73293660326364,10.30559235629227,13.05066635439966,2.721823348391637,1.4288464718048892,14216
59.04543660326364,38.743092356292266,18.675666354399663,3.6905733483916365,0.8663464718048892,14217
16.54543660326365,21.24309235629227,9.67566635439966,2.1405733483916367,2.3663464718048894,14218
37.79543660326365,29.99309235629227,14.17566635439966,2.9155733483916366,1.6163464718048897,14219
80.29543660326364,12.49309235629227,5.1756663543996595,1.3655733483916368,3.1163464718048894,14220
69.67043660326364,25.61809235629227,11.92566635439966,4.078073348391637,1.9913464718048897,14221
27.170436603263646,8.11809235629227,2.9256663543996595,2.5280733483916364,0.49134647180488916,14222
90.92043660326364,34.368092356292266,7.4256663543996595,3.303073348391637,1.2413464718048892,14223
48.42043660326364,16.86809235629227,16.42566635439966,1.7530733483916365,2.7413464718048894,14224
51.07668660326364,35.461842356292266,9.11316635439966,4.174948348391636,1.8975964718048897,14225
93.57668660326364,17.96184235629227,18.113166354399663,2.6249483483916367,0.39759647180488916,14226
29.826686603263646,26.71184235629227,4.6131663543996595,1.8499483483916368,1.1475964718048892,14227
72.32668660326364,9.21184235629227,13.61316635439966,3.3999483483916366,2.6475964718048894,14228
82.95168660326364,31.08684235629227,2.3631663543996595,1.4624483483916366,1.5225964718048892,14229
40.45168660326365,13.58684235629227,11.36316635439966,3.0124483483916364,3.0225964718048894,14230
19.201686603263646,39.836842356292266,15.86316635439966,2.237448348391637,2.2725964718048894,14231
61.70168660326364,22.33684235629227,6.8631663543996595,3.787448348391637,0.7725964718048892,14232
56.38918660326364,28.89934235629227,14.73816635439966,3.2061983483916365,3.2100964718048894,14233
98.88918660326364,11.39934235629227,5.7381663543996595,1.6561983483916367,1.7100964718048897,14234
35.13918660326365,37.649342356292266,19.238166354399663,3.981198348391637,2.4600964718048894,14235
77.63918660326364,20.14934235629227,10.23816635439966,2.4311983483916366,0.9600964718048892,14236
67.01418660326364,7.024342356292269,7.9881663543996595,2.818698348391637,2.8350964718048894,14237
24.514186603263646,24.52434235629227,16.98816635439966,1.2686983483916368,1.3350964718048892,14238
88.26418660326364,33.274342356292266,12.48816635439966,3.5936983483916367,0.5850964718048892,14239
45.76418660326364,15.77434235629227,3.4881663543996595,2.0436983483916364,2.0850964718048894,14240
47.09231160326364,5.383717356292269,13.33191635439966,4.126510848391637,1.1944714718048892,14241
89.59231160326364,22.88371735629227,4.3319163543996595,2.576510848391637,2.6944714718048894,14242
25.842311603263646,31.63371735629227,17.83191635439966,3.3515108483916367,1.9444714718048897,14243
68.34231160326364,14.13371735629227,8.83191635439966,1.8015108483916367,0.44447147180488916,14244
78.96731160326364,27.25871735629227,6.5819163543996595,3.739010848391637,1.5694714718048897,14245
36.46731160326365,9.75871735629227,15.58191635439966,2.1890108483916366,3.0694714718048894,14246
15.217311603263648,36.008717356292266,11.08191635439966,2.964010848391637,0.8194714718048892,14247
57.71731160326364,18.50871735629227,2.0819163543996595,1.4140108483916367,2.3194714718048894,14248
63.02981160326364,29.44621735629227,9.95691635439966,1.9952608483916365,2.8819714718048894,14249
20.529811603263646,11.94621735629227,18.956916354399663,3.545260848391637,1.3819714718048892,14250
41.77981160326365,38.196217356292266,5.4569163543996595,1.2202608483916366,0.6319714718048892,14251
84.27981160326364,20.69621735629227,14.45691635439966,2.7702608483916364,2.1319714718048894,14252
73.65481160326364,33.821217356292266,3.2069163543996595,2.3827608483916367,3.2569714718048894,14253
31.15481160326365,16.32121735629227,12.20691635439966,3.9327608483916365,1.7569714718048897,14254
94.90481160326364,25.07121735629227,16.70691635439966,1.6077608483916368,2.5069714718048894,14255
52.40481160326364,7.571217356292269,7.7069163543996595,3.1577608483916366,1.0069714718048892,14256
49.74856160326364,26.16496735629227,19.519416354399663,2.8671358483916367,0.5382214718048892,14257
92.24856160326364,8.66496735629227,10.51941635439966,1.3171358483916367,2.0382214718048894,14258
28.498561603263646,34.914967356292266,15.01941635439966,3.6421358483916366,2.7882214718048894,14259
70.99856160326364,17.41496735629227,6.0194163543996595,2.092135848391637,1.2882214718048892,14260
81.62356160326364,39.289967356292266,12.76941635439966,3.254635848391637,2.4132214718048894,14261
39.12356160326365,21.78996735629227,3.7694163543996595,1.7046358483916366,0.9132214718048892,14262
17.87356160326365,30.53996735629227,8.26941635439966,4.029635848391637,3.1632214718048894,14263
60.37356160326364,13.03996735629227,17.26941635439966,2.479635848391637,1.6632214718048897,14264
55.06106160326364,37.102467356292266,4.8944163543996595,1.5108858483916368,2.2257214718048894,14265
97.56106160326364,19.60246735629227,13.89441635439966,3.060885848391637,0.7257214718048892,14266
33.81106160326365,28.35246735629227,9.39441635439966,2.2858858483916364,1.4757214718048892,14267
76.31106160326364,10.85246735629227,18.394416354399663,3.8358858483916367,2.9757214718048894,14268
65.68606160326364,32.727467356292266,16.14441635439966,1.1233858483916366,1.1007214718048892,14269
23.186061603263646,15.22746735629227,7.1444163543996595,2.6733858483916366,2.6007214718048894,14270
86.93606160326364,6.477467356292269,2.6444163543996595,1.8983858483916367,1.8507214718048897,14271
44.43606160326364,23.97746735629227,11.64441635439966,3.4483858483916365,0.35072147180488916,14272
43.77199910326364,35.735279856292266,2.7850413543996595,3.085104598391637,2.7179089718048894,14273
86.27199910326364,18.23527985629227,11.78504135439966,1.5351045983916367,1.2179089718048892,14274
22.521999103263646,26.98527985629227,16.28504135439966,3.860104598391637,0.46790897180488916,14275
65.02199910326364,9.48527985629227,7.2850413543996595,2.3101045983916366,1.9679089718048897,14276
75.64699910326364,31.36027985629227,9.53504135439966,2.697604598391637,3.0929089718048894,14277
33.14699910326365,13.86027985629227,18.535041354399663,1.1476045983916368,1.5929089718048897,14278
96.89699910326364,5.110279856292269,5.0350413543996595,3.4726045983916367,2.3429089718048894,14279
54.39699910326364,22.61027985629227,14.03504135439966,1.9226045983916367,0.8429089718048892,14280
59.70949910326364,24.79777985629227,8.41004135439966,1.3413545983916366,1.4054089718048892,14281
17.20949910326365,7.297779856292269,17.41004135439966,2.8913545983916364,2.9054089718048894,14282
38.45949910326365,33.547779856292266,12.91004135439966,2.116354598391637,2.1554089718048894,14283
80.95949910326364,16.04777985629227,3.9100413543996595,3.666354598391637,0.6554089718048892,14284
70.33449910326364,37.922779856292266,15.16004135439966,1.7288545983916368,1.7804089718048897,14285
27.834499103263646,20.42277985629227,6.1600413543996595,3.2788545983916366,3.2804089718048894,14286
91.58449910326364,29.17277985629227,19.660041354399663,2.5038545983916367,1.0304089718048892,14287
49.08449910326364,11.67277985629227,10.66004135439966,4.053854598391636,2.5304089718048894,14288
51.74074910326364,30.26652985629227,16.84754135439966,3.5694795983916365,2.0616589718048894,14289
94.24074910326364,12.76652985629227,7.8475413543996595,2.0194795983916367,0.5616589718048892,14290
30.490749103263646,39.016529856292266,3.3475413543996595,2.7944795983916366,1.3116589718048892,14291
72.99074910326364,21.51652985629227,12.34754135439966,1.2444795983916366,2.8116589718048894,14292
83.61574910326364,34.641529856292266,5.5975413543996595,3.9569795983916367,0.9366589718048892,14293
41.11574910326365,17.14152985629227,14.59754135439966,2.4069795983916364,2.4366589718048894,14294
19.865749103263646,25.89152985629227,10.09754135439966,3.181979598391637,1.6866589718048897,14295
62.36574910326364,8.39152985629227,19.097541354399663,1.6319795983916365,3.1866589718048894,14296
57.05324910326364,6.204029856292269,11.22254135439966,2.600729598391637,0.7491589718048892,14297
99.55324910326364,23.70402985629227,2.2225413543996595,4.150729598391637,2.2491589718048894,14298
35.80324910326365,32.454029856292266,6.7225413543996595,1.8257295983916366,2.9991589718048894,14299
78.30324910326364,14.95402985629227,15.72254135439966,3.375729598391637,1.4991589718048892,14300
67.67824910326364,28.07902985629227,17.97254135439966,2.213229598391637,2.6241589718048894,14301
25.178249103263646,10.57902985629227,8.97254135439966,3.7632295983916366,1.1241589718048892,14302
88.92824910326364,36.829029856292266,13.47254135439966,1.4382295983916367,0.37415897180488916,14303
46.42824910326364,19.32902985629227,4.4725413543996595,2.9882295983916367,1.8741589718048897,14304
45.10012410326364,27.53215485629227,12.06629135439966,1.6804170983916367,1.0772839718048892,14305
87.60012410326364,10.03215485629227,3.0662913543996595,3.2304170983916367,2.5772839718048894,14306
23.850124103263646,36.282154856292266,7.5662913543996595,2.455417098391637,1.8272839718048897,14307
66.35012410326364,18.78215485629227,16.56629135439966,4.005417098391637,0.32728397180488916,14308
76.97512410326364,5.657154856292269,18.816291354399663,1.2929170983916367,2.2022839718048894,14309
34.47512410326365,23.15715485629227,9.81629135439966,2.842917098391637,0.7022839718048892,14310
98.22512410326364,31.90715485629227,14.31629135439966,2.0679170983916366,1.4522839718048892,14311
55.72512410326364,14.40715485629227,5.3162913543996595,3.617917098391637,2.9522839718048894,14312
61.03762410326364,34.094654856292266,15.44129135439966,2.6491670983916364,2.3897839718048894,14313
18.53762410326365,16.59465485629227,6.4412913543996595,4.199167098391637,0.8897839718048892,14314
39.78762410326365,25.34465485629227,19.941291354399663,3.424167098391637,3.1397839718048894,14315
82.28762410326364,7.844654856292269,10.94129135439966,1.8741670983916365,1.6397839718048897,14316
71.66262410326364,29.71965485629227,4.1912913543996595,3.0366670983916366,0.5147839718048892,14317
29.162624103263646,12.21965485629227,13.19129135439966,1.4866670983916368,2.0147839718048894,14318
92.91262410326364,38.469654856292266,8.69129135439966,3.8116670983916365,2.7647839718048894,14319
50.41262410326364,20.96965485629227,17.69129135439966,2.2616670983916367,1.2647839718048892,14320
47.75637410326364,39.563404856292266,7.0037913543996595,2.1647920983916364,0.42103397180488916,14321
90.25637410326364,22.06340485629227,16.00379135439966,3.7147920983916367,1.9210339718048897,14322
26.506374103263646,30.81340485629227,11.50379135439966,1.3897920983916368,2.6710339718048894,14323
69.00637410326364,13.31340485629227,2.5037913543996595,2.939792098391637,1.1710339718048892,14324
79.63137410326364,26.43840485629227,13.75379135439966,2.5522920983916366,3.0460339718048894,14325
37.13137410326365,8.93840485629227,4.7537913543996595,4.102292098391636,1.5460339718048892,14326
15.881374103263648,35.188404856292266,18.253791354399663,1.7772920983916367,0.7960339718048892,14327
58.38137410326364,17.68840485629227,9.25379135439966,3.3272920983916365,2.2960339718048894,14328
53.06887410326364,33.000904856292266,3.6287913543996595,3.908542098391637,1.7335339718048897,14329
95.56887410326364,15.50090485629227,12.62879135439966,2.358542098391637,3.2335339718048894,14330
31.81887410326365,6.750904856292269,17.12879135439966,3.133542098391637,0.9835339718048892,14331
74.31887410326364,24.25090485629227,8.12879135439966,1.5835420983916366,2.4835339718048894,14332
63.69387410326364,37.375904856292266,10.37879135439966,3.5210420983916366,1.3585339718048892,14333
21.193874103263646,19.87590485629227,19.378791354399663,1.9710420983916368,2.8585339718048894,14334
84.94387410326364,28.62590485629227,5.8787913543996595,2.7460420983916367,2.1085339718048894,14335
42.44387410326364,11.12590485629227,14.87879135439966,1.1960420983916367,0.6085339718048892,14336
42.42312215013864,39.537770090667266,2.2533030731496595,1.7235567468291366,1.1512585811798892,14337
84.92312215013864,22.03777009066727,11.25330307314966,3.273556746829137,2.6512585811798894,14338
21.173122150138646,30.78777009066727,15.75330307314966,2.498556746829137,1.9012585811798897,14339
63.67312215013864,13.28777009066727,6.7533030731496595,4.048556746829137,0.40125858117988916,14340
74.29812215013864,26.41277009066727,9.00330307314966,1.3360567468291367,2.2762585811798894,14341
31.79812215013865,8.91277009066727,18.003303073149663,2.8860567468291367,0.7762585811798892,14342
95.54812215013864,35.162770090667266,4.5033030731496595,2.111056746829137,1.5262585811798892,14343
53.04812215013864,17.66277009066727,13.50330307314966,3.6610567468291366,3.0262585811798894,14344
58.36062215013864,32.975270090667266,7.8783030731496595,2.6923067468291366,2.4637585811798894,14345
15.860622150138648,15.47527009066727,16.87830307314966,1.1423067468291366,0.9637585811798892,14346
37.11062215013865,6.725270090667269,12.37830307314966,3.4673067468291365,3.2137585811798894,14347
79.61062215013864,24.22527009066727,3.3783030731496595,1.9173067468291367,1.7137585811798897,14348
68.98562215013864,37.350270090667266,14.62830307314966,3.079806746829137,0.5887585811798892,14349
26.485622150138646,19.85027009066727,5.6283030731496595,1.5298067468291368,2.0887585811798894,14350
90.23562215013864,28.60027009066727,19.128303073149663,3.8548067468291367,2.8387585811798894,14351
47.73562215013864,11.10027009066727,10.12830307314966,2.3048067468291364,1.3387585811798892,14352
50.39187215013864,27.50652009066727,17.44080307314966,2.2079317468291366,0.30750858117988916,14353
92.89187215013864,10.00652009066727,8.44080307314966,3.757931746829137,1.8075085811798897,14354
29.141872150138646,36.256520090667266,3.9408030731496595,1.4329317468291367,2.5575085811798894,14355
71.64187215013864,18.75652009066727,12.94080307314966,2.982931746829137,1.0575085811798892,14356
82.26687215013864,5.631520090667269,6.1908030731496595,2.595431746829137,2.9325085811798894,14357
39.76687215013865,23.13152009066727,15.19080307314966,4.145431746829137,1.4325085811798892,14358
18.51687215013865,31.88152009066727,10.69080307314966,1.8204317468291367,0.6825085811798892,14359
61.01687215013864,14.38152009066727,19.690803073149663,3.3704317468291367,2.1825085811798894,14360
55.70437215013864,34.069020090667266,11.81580307314966,3.9516817468291365,1.6200085811798897,14361
98.20437215013864,16.56902009066727,2.8158030731496595,2.4016817468291367,3.1200085811798894,14362
34.45437215013865,25.31902009066727,7.3158030731496595,3.1766817468291366,0.8700085811798892,14363
76.95437215013864,7.819020090667269,16.31580307314966,1.6266817468291368,2.3700085811798894,14364
66.32937215013864,29.69402009066727,18.565803073149663,3.564181746829137,1.2450085811798892,14365
23.829372150138646,12.19402009066727,9.56580307314966,2.0141817468291365,2.7450085811798894,14366
87.57937215013864,38.444020090667266,14.06580307314966,2.7891817468291364,1.9950085811798897,14367
45.07937215013864,20.94402009066727,5.0658030731496595,1.2391817468291366,0.49500858117988916,14368
46.40749715013864,30.24089509066727,12.65955307314966,3.0313692468291364,2.7918835811798894,14369
88.90749715013864,12.74089509066727,3.6595530731496595,1.4813692468291366,1.2918835811798892,14370
25.157497150138646,38.990895090667266,8.15955307314966,3.806369246829137,0.5418835811798892,14371
67.65749715013864,21.49089509066727,17.15955307314966,2.256369246829137,2.0418835811798894,14372
78.28249715013864,34.615895090667266,19.409553073149663,2.6438692468291367,3.1668835811798894,14373
35.78249715013865,17.11589509066727,10.40955307314966,4.193869246829136,1.6668835811798897,14374
99.53249715013864,25.86589509066727,14.90955307314966,3.4188692468291366,2.4168835811798894,14375
57.03249715013864,8.36589509066727,5.9095530731496595,1.8688692468291368,0.9168835811798892,14376
62.34499715013864,6.178395090667269,16.03455307314966,1.2876192468291368,1.4793835811798892,14377
19.844997150138646,23.67839509066727,7.0345530731496595,2.837619246829137,2.9793835811798894,14378
41.09499715013865,32.428395090667266,2.5345530731496595,2.0626192468291364,2.2293835811798894,14379
83.59499715013864,14.92839509066727,11.53455307314966,3.6126192468291367,0.7293835811798892,14380
72.96999715013864,28.05339509066727,4.7845530731496595,1.6751192468291367,1.8543835811798897,14381
30.469997150138646,10.55339509066727,13.78455307314966,3.2251192468291365,0.35438358117988916,14382
94.21999715013864,36.803395090667266,9.28455307314966,2.4501192468291366,1.1043835811798892,14383
51.71999715013864,19.30339509066727,18.284553073149663,4.000119246829136,2.6043835811798894,14384
49.06374715013864,35.709645090667266,6.4720530731496595,3.515744246829137,1.9481335811798897,14385
91.56374715013864,18.20964509066727,15.47205307314966,1.9657442468291366,0.44813358117988916,14386
27.813747150138646,26.95964509066727,10.97205307314966,2.740744246829137,1.1981335811798892,14387
70.31374715013864,9.45964509066727,19.972053073149663,1.1907442468291367,2.6981335811798894,14388
80.93874715013864,31.33464509066727,13.22205307314966,3.9032442468291366,0.8231335811798892,14389
38.43874715013865,13.83464509066727,4.2220530731496595,2.353244246829137,2.3231335811798894,14390
17.18874715013865,5.084645090667269,17.72205307314966,3.1282442468291367,1.5731335811798897,14391
59.68874715013864,22.58464509066727,8.72205307314966,1.5782442468291367,3.0731335811798894,14392
54.37624715013864,24.77214509066727,3.0970530731496595,2.5469942468291364,0.6356335811798892,14393
96.87624715013864,7.272145090667269,12.09705307314966,4.096994246829137,2.1356335811798894,14394
33.12624715013865,33.522145090667266,16.59705307314966,1.7719942468291365,2.8856335811798894,14395
75.62624715013864,16.02214509066727,7.5970530731496595,3.321994246829137,1.3856335811798892,14396
65.00124715013864,37.897145090667266,9.84705307314966,2.1594942468291367,2.5106335811798894,14397
22.501247150138646,20.39714509066727,18.847053073149663,3.7094942468291365,1.0106335811798892,14398
86.25124715013864,29.14714509066727,5.3470530731496595,1.3844942468291368,3.2606335811798894,14399
43.75124715013864,11.64714509066727,14.34705307314966,2.9344942468291366,1.7606335811798897,14400
44.41530965013864,26.13933259066727,5.4876780731496595,4.072775496829136,1.3153210811798892,14401
86.91530965013864,8.63933259066727,14.48767807314966,2.5227754968291367,2.8153210811798894,14402
23.165309650138646,34.889332590667266,9.98767807314966,3.2977754968291366,2.0653210811798894,14403
65.66530965013864,17.38933259066727,18.987678073149663,1.7477754968291368,0.5653210811798892,14404
76.29030965013864,39.264332590667266,16.73767807314966,3.685275496829137,1.6903210811798897,14405
33.79030965013865,21.76433259066727,7.7376780731496595,2.135275496829137,3.1903210811798894,14406
97.54030965013864,30.51433259066727,3.2376780731496595,2.9102754968291364,0.9403210811798892,14407
55.04030965013864,13.01433259066727,12.23767807314966,1.3602754968291366,2.4403210811798894,14408
60.35280965013864,37.076832590667266,17.86267807314966,1.9415254968291367,3.0028210811798894,14409
17.85280965013865,19.57683259066727,8.86267807314966,3.4915254968291367,1.5028210811798892,14410
39.10280965013865,28.32683259066727,13.36267807314966,1.1665254968291368,0.7528210811798892,14411
81.60280965013864,10.82683259066727,4.3626780731496595,2.716525496829137,2.2528210811798894,14412
70.97780965013864,32.701832590667266,11.11267807314966,2.3290254968291366,0.37782108117988916,14413
28.477809650138646,15.20183259066727,2.1126780731496595,3.879025496829137,1.8778210811798897,14414
92.22780965013864,6.451832590667269,6.6126780731496595,1.5540254968291367,2.6278210811798894,14415
49.72780965013864,23.95183259066727,15.61267807314966,3.1040254968291365,1.1278210811798892,14416
52.38405965013864,5.358082590667269,9.42517807314966,2.8134004968291366,0.47157108117988916,14417
94.88405965013864,22.85808259066727,18.425178073149663,1.2634004968291366,1.9715710811798897,14418
31.13405965013865,31.60808259066727,4.9251780731496595,3.5884004968291365,2.7215710811798894,14419
73.63405965013864,14.10808259066727,13.92517807314966,2.0384004968291367,1.2215710811798892,14420
84.25905965013864,27.23308259066727,2.6751780731496595,3.200900496829137,2.3465710811798894,14421
41.75905965013865,9.73308259066727,11.67517807314966,1.6509004968291365,0.8465710811798892,14422
20.509059650138646,35.983082590667266,16.17517807314966,3.9759004968291367,3.0965710811798894,14423
63.00905965013864,18.48308259066727,7.1751780731496595,2.4259004968291364,1.5965710811798897,14424
57.69655965013864,29.42058259066727,15.05017807314966,1.4571504968291367,2.1590710811798894,14425
15.196559650138648,11.92058259066727,6.0501780731496595,3.0071504968291367,0.6590710811798892,14426
36.44655965013865,38.170582590667266,19.550178073149663,2.232150496829137,1.4090710811798892,14427
78.94655965013864,20.67058259066727,10.55017807314966,3.7821504968291366,2.9090710811798894,14428
68.32155965013864,33.795582590667266,8.30017807314966,4.169650496829137,1.0340710811798892,14429
25.821559650138646,16.29558259066727,17.30017807314966,2.619650496829137,2.5340710811798894,14430
89.57155965013864,25.04558259066727,12.80017807314966,1.8446504968291366,1.7840710811798897,14431
47.07155965013864,7.545582590667269,3.8001780731496595,3.394650496829137,3.2840710811798894,14432
45.74343465013864,35.436207590667266,13.64392807314966,2.377462996829137,2.6746960811798894,14433
88.24343465013864,17.93620759066727,4.6439280731496595,3.927462996829137,1.1746960811798892,14434
24.493434650138646,26.68620759066727,18.143928073149663,1.6024629968291366,0.42469608117988916,14435
66.99343465013864,9.18620759066727,9.14392807314966,3.152462996829137,1.9246960811798897,14436
77.61843465013864,31.06120759066727,6.8939280731496595,1.9899629968291368,0.7996960811798892,14437
35.11843465013865,13.56120759066727,15.89392807314966,3.5399629968291366,2.2996960811798894,14438
98.86843465013864,39.811207590667266,11.39392807314966,1.2149629968291367,3.0496960811798894,14439
56.36843465013864,22.31120759066727,2.3939280731496595,2.7649629968291367,1.5496960811798892,14440
61.68093465013864,28.87370759066727,10.26892807314966,3.7337129968291367,0.9871960811798892,14441
19.180934650138646,11.37370759066727,19.268928073149663,2.1837129968291364,2.4871960811798894,14442
40.43093465013865,37.623707590667266,5.7689280731496595,2.958712996829137,1.7371960811798897,14443
82.93093465013864,20.12370759066727,14.76892807314966,1.4087129968291368,3.2371960811798894,14444
72.30593465013864,6.998707590667269,3.5189280731496595,4.121212996829136,2.1121960811798894,14445
29.805934650138646,24.49870759066727,12.51892807314966,2.5712129968291366,0.6121960811798892,14446
93.55593465013864,33.248707590667266,17.01892807314966,3.3462129968291365,1.3621960811798892,14447
51.05593465013864,15.74870759066727,8.01892807314966,1.7962129968291367,2.8621960811798894,14448
48.39968465013864,32.154957590667266,18.706428073149663,1.1180879968291366,1.8309460811798897,14449
90.89968465013864,14.65495759066727,9.70642807314966,2.6680879968291364,0.33094608117988916,14450
27.149684650138646,5.904957590667269,14.20642807314966,1.8930879968291365,1.0809460811798892,14451
69.64968465013864,23.40495759066727,5.2064280731496595,3.443087996829137,2.5809460811798894,14452
80.27468465013864,36.529957590667266,11.95642807314966,1.5055879968291368,1.4559460811798892,14453
37.77468465013865,19.02995759066727,2.9564280731496595,3.0555879968291366,2.9559460811798894,14454
16.52468465013865,27.77995759066727,7.4564280731496595,2.2805879968291367,2.2059460811798894,14455
59.02468465013864,10.27995759066727,16.45642807314966,3.8305879968291365,0.7059460811798892,14456
53.71218465013864,38.717457590667266,4.0814280731496595,3.2493379968291367,3.1434460811798894,14457
96.21218465013864,21.21745759066727,13.08142807314966,1.6993379968291367,1.6434460811798897,14458
32.46218465013865,29.96745759066727,8.58142807314966,4.024337996829137,2.3934460811798894,14459
74.96218465013864,12.46745759066727,17.58142807314966,2.474337996829137,0.8934460811798892,14460
64.33718465013864,25.59245759066727,15.33142807314966,2.861837996829137,2.7684460811798894,14461
21.837184650138646,8.09245759066727,6.3314280731496595,1.3118379968291367,1.2684460811798892,14462
85.58718465013864,34.342457590667266,19.831428073149663,3.636837996829137,0.5184460811798892,14463
43.08718465013864,16.84245759066727,10.83142807314966,2.0868379968291366,2.0184460811798894,14464
43.41921590013864,32.565113840667266,16.38611557314966,3.4794161218291366,0.5770398311798892,14465
85.91921590013864,15.06511384066727,7.3861155731496595,1.9294161218291368,2.0770398311798894,14466
22.169215900138646,6.315113840667269,2.8861155731496595,2.7044161218291367,2.8270398311798894,14467
64.66921590013864,23.81511384066727,11.88611557314966,1.1544161218291367,1.3270398311798892,14468
75.29421590013864,36.940113840667266,5.1361155731496595,3.866916121829137,2.4520398311798894,14469
32.79421590013865,19.44011384066727,14.13611557314966,2.316916121829137,0.9520398311798892,14470
96.54421590013864,28.19011384066727,9.63611557314966,3.0919161218291364,3.2020398311798894,14471
54.04421590013864,10.69011384066727,18.636115573149663,1.5419161218291366,1.7020398311798897,14472
59.35671590013864,39.127613840667266,13.01111557314966,2.5106661218291366,2.2645398311798894,14473
16.85671590013865,21.62761384066727,4.0111155731496595,4.060666121829136,0.7645398311798892,14474
38.10671590013865,30.37761384066727,8.51111557314966,1.7356661218291367,1.5145398311798892,14475
80.60671590013864,12.87761384066727,17.51111557314966,3.2856661218291365,3.0145398311798894,14476
69.98171590013864,26.00261384066727,19.761115573149663,2.1231661218291364,1.1395398311798892,14477
27.481715900138646,8.50261384066727,10.76111557314966,3.6731661218291367,2.6395398311798894,14478
91.23171590013864,34.752613840667266,15.26111557314966,1.3481661218291368,1.8895398311798897,14479
48.73171590013864,17.25261384066727,6.2611155731496595,2.898166121829137,0.38953983117988916,14480
51.38796590013864,33.658863840667266,3.4486155731496595,3.1887911218291367,1.2332898311798892,14481
93.88796590013864,16.15886384066727,12.44861557314966,1.6387911218291367,2.7332898311798894,14482
30.137965900138646,24.90886384066727,16.94861557314966,3.9637911218291366,1.9832898311798897,14483
72.63796590013864,7.408863840667269,7.9486155731496595,2.413791121829137,0.48328983117988916,14484
83.26296590013864,29.28386384066727,10.19861557314966,2.801291121829137,1.6082898311798897,14485
40.76296590013865,11.78386384066727,19.198615573149663,1.2512911218291367,3.1082898311798894,14486
19.512965900138646,38.033863840667266,5.6986155731496595,3.576291121829137,0.8582898311798892,14487
62.01296590013864,20.53386384066727,14.69861557314966,2.0262911218291366,2.3582898311798894,14488
56.70046590013864,27.09636384066727,6.8236155731496595,1.4450411218291368,2.9207898311798894,14489
99.20046590013864,9.59636384066727,15.82361557314966,2.9950411218291366,1.4207898311798892,14490
35.45046590013865,35.846363840667266,11.32361557314966,2.2200411218291367,0.6707898311798892,14491
77.95046590013864,18.34636384066727,2.3236155731496595,3.7700411218291365,2.1707898311798894,14492
67.32546590013864,5.221363840667269,13.57361557314966,1.8325411218291365,3.2957898311798894,14493
24.825465900138646,22.72136384066727,4.5736155731496595,3.382541121829137,1.7957898311798897,14494
88.57546590013864,31.47136384066727,18.073615573149663,2.6075411218291364,2.5457898311798894,14495
46.07546590013864,13.97136384066727,9.07361557314966,4.157541121829137,1.0457898311798892,14496
47.40359090013864,6.861988840667269,7.6673655731496595,2.0747286218291365,1.9364148311798897,14497
89.90359090013864,24.36198884066727,16.66736557314966,3.624728621829137,0.43641483117988916,14498
26.153590900138646,33.111988840667266,12.16736557314966,1.2997286218291366,1.1864148311798892,14499
68.65359090013864,15.61198884066727,3.1673655731496595,2.8497286218291364,2.6864148311798894,14500
79.27859090013864,28.73698884066727,14.41736557314966,2.4622286218291367,1.5614148311798892,14501
36.77859090013865,11.23698884066727,5.4173655731496595,4.012228621829136,3.0614148311798894,14502
15.528590900138648,37.486988840667266,18.917365573149663,1.6872286218291368,2.3114148311798894,14503
58.02859090013864,19.98698884066727,9.91736557314966,3.2372286218291366,0.8114148311798892,14504
63.34109090013864,30.92448884066727,2.0423655731496595,3.818478621829137,3.2489148311798894,14505
20.841090900138646,13.42448884066727,11.04236557314966,2.2684786218291366,1.7489148311798897,14506
42.09109090013865,39.674488840667266,15.54236557314966,3.043478621829137,2.4989148311798894,14507
84.59109090013864,22.17448884066727,6.5423655731496595,1.4934786218291367,0.9989148311798892,14508
73.96609090013864,35.299488840667266,8.79236557314966,3.4309786218291367,2.8739148311798894,14509
31.46609090013865,17.79948884066727,17.79236557314966,1.8809786218291367,1.3739148311798892,14510
95.21609090013864,26.54948884066727,4.2923655731496595,2.655978621829137,0.6239148311798892,14511
52.71609090013864,9.04948884066727,13.29236557314966,1.1059786218291368,2.1239148311798894,14512
50.05984090013864,25.45573884066727,11.60486557314966,1.7841036218291366,2.5926648311798894,14513
92.55984090013864,7.955738840667269,2.6048655731496595,3.334103621829137,1.0926648311798892,14514
28.809840900138646,34.205738840667266,7.1048655731496595,2.559103621829137,0.34266483117988916,14515
71.30984090013864,16.70573884066727,16.10486557314966,4.109103621829137,1.8426648311798897,14516
81.93484090013864,38.580738840667266,18.354865573149663,1.3966036218291367,0.7176648311798892,14517
39.43484090013865,21.08073884066727,9.35486557314966,2.9466036218291367,2.2176648311798894,14518
18.18484090013865,29.83073884066727,13.85486557314966,2.171603621829137,2.9676648311798894,14519
60.68484090013864,12.33073884066727,4.8548655731496595,3.7216036218291366,1.4676648311798892,14520
55.37234090013864,36.393238840667266,17.22986557314966,2.7528536218291366,0.9051648311798892,14521
97.87234090013864,18.89323884066727,8.22986557314966,1.2028536218291366,2.4051648311798894,14522
34.12234090013865,27.64323884066727,3.7298655731496595,3.5278536218291365,1.6551648311798897,14523
76.62234090013864,10.14323884066727,12.72986557314966,1.9778536218291367,3.1551648311798894,14524
65.99734090013864,32.018238840667266,5.9798655731496595,3.140353621829137,2.0301648311798894,14525
23.497340900138646,14.51823884066727,14.97986557314966,1.5903536218291368,0.5301648311798892,14526
87.24734090013864,5.768238840667269,10.47986557314966,3.9153536218291367,1.2801648311798892,14527
44.74734090013864,23.26823884066727,19.479865573149663,2.3653536218291364,2.7801648311798894,14528
44.08327840013864,37.760426340667266,10.62049057314966,1.1786348718291366,0.41297733117988916,14529
86.58327840013864,20.26042634066727,19.620490573149663,2.7286348718291364,1.9129773311798897,14530
22.833278400138646,29.01042634066727,6.1204905731496595,1.9536348718291365,2.6629773311798894,14531
65.33327840013864,11.51042634066727,15.12049057314966,3.503634871829137,1.1629773311798892,14532
75.95827840013864,33.385426340667266,3.8704905731496595,1.5661348718291368,3.0379773311798894,14533
33.45827840013865,15.88542634066727,12.87049057314966,3.1161348718291366,1.5379773311798892,14534
97.20827840013864,7.135426340667269,17.37049057314966,2.3411348718291367,0.7879773311798892,14535
54.70827840013864,24.63542634066727,8.37049057314966,3.8911348718291365,2.2879773311798894,14536
60.02077840013864,26.82292634066727,13.99549057314966,3.3098848718291367,1.7254773311798897,14537
17.52077840013865,9.32292634066727,4.9954905731496595,1.7598848718291367,3.2254773311798894,14538
38.77077840013865,35.572926340667266,18.495490573149663,4.084884871829137,0.9754773311798892,14539
81.27077840013864,18.07292634066727,9.49549057314966,2.534884871829137,2.4754773311798894,14540
70.64577840013864,39.947926340667266,7.2454905731496595,2.922384871829137,1.3504773311798892,14541
28.145778400138646,22.44792634066727,16.24549057314966,1.3723848718291367,2.8504773311798894,14542
91.89577840013864,31.19792634066727,11.74549057314966,3.697384871829137,2.1004773311798894,14543
49.39577840013864,13.69792634066727,2.7454905731496595,2.1473848718291366,0.6004773311798892,14544
52.05202840013864,30.10417634066727,4.4329905731496595,2.2442598718291364,1.0692273311798892,14545
94.55202840013864,12.60417634066727,13.43299057314966,3.7942598718291367,2.5692273311798894,14546
30.802028400138646,38.854176340667266,8.93299057314966,1.4692598718291368,1.8192273311798897,14547
73.30202840013864,21.35417634066727,17.93299057314966,3.019259871829137,0.31922733117988916,14548
83.92702840013864,34.479176340667266,15.68299057314966,1.8567598718291367,2.1942273311798894,14549
41.42702840013865,16.97917634066727,6.6829905731496595,3.4067598718291365,0.6942273311798892,14550
20.177028400138646,25.72917634066727,2.1829905731496595,4.181759871829136,1.4442273311798892,14551
62.67702840013864,8.22917634066727,11.18299057314966,2.6317598718291366,2.9442273311798894,14552
57.36452840013864,6.041676340667269,19.057990573149663,3.6005098718291366,2.3817273311798894,14553
99.86452840013864,23.54167634066727,10.05799057314966,2.050509871829137,0.8817273311798892,14554
36.11452840013865,32.291676340667266,14.55799057314966,2.8255098718291367,3.1317273311798894,14555
78.61452840013864,14.79167634066727,5.5579905731496595,1.2755098718291367,1.6317273311798897,14556
67.98952840013864,27.91667634066727,12.30799057314966,3.988009871829137,0.5067273311798892,14557
25.489528400138646,10.41667634066727,3.3079905731496595,2.438009871829137,2.0067273311798894,14558
89.23952840013864,36.666676340667266,7.8079905731496595,3.213009871829137,2.7567273311798894,14559
46.73952840013864,19.16667634066727,16.80799057314966,1.6630098718291366,1.2567273311798892,14560
45.41140340013864,28.46355134066727,17.65174057314966,2.9708223718291364,2.0536023311798894,14561
87.91140340013864,10.96355134066727,8.65174057314966,1.4208223718291366,0.5536023311798892,14562
24.161403400138646,37.213551340667266,13.15174057314966,3.745822371829137,1.3036023311798892,14563
66.66140340013864,19.71355134066727,4.1517405731496595,2.195822371829137,2.8036023311798894,14564
77.28640340013864,6.588551340667269,10.90174057314966,3.3583223718291366,0.9286023311798892,14565
34.78640340013865,24.08855134066727,19.901740573149663,1.8083223718291368,2.4286023311798894,14566
98.53640340013864,32.838551340667266,6.4017405731496595,4.133322371829136,1.6786023311798897,14567
56.03640340013864,15.33855134066727,15.40174057314966,2.5833223718291367,3.1786023311798894,14568
61.34890340013864,35.026051340667266,5.2767405731496595,1.6145723718291367,0.7411023311798892,14569
18.84890340013865,17.52605134066727,14.27674057314966,3.1645723718291365,2.2411023311798894,14570
40.09890340013865,26.27605134066727,9.77674057314966,2.3895723718291366,2.9911023311798894,14571
82.59890340013864,8.77605134066727,18.776740573149663,3.939572371829137,1.4911023311798892,14572
71.97390340013864,30.65105134066727,16.52674057314966,1.2270723718291368,2.6161023311798894,14573
29.473903400138646,13.15105134066727,7.5267405731496595,2.777072371829137,1.1161023311798892,14574
93.22390340013864,39.401051340667266,3.0267405731496595,2.0020723718291364,0.36610233117988916,14575
50.72390340013864,21.90105134066727,12.02674057314966,3.5520723718291367,1.8661023311798897,14576
48.06765340013864,38.307301340667266,14.83924057314966,4.036447371829137,2.7098523311798894,14577
90.56765340013864,20.80730134066727,5.8392405731496595,2.4864473718291364,1.2098523311798892,14578
26.817653400138646,29.55730134066727,19.339240573149663,3.261447371829137,0.45985233117988916,14579
69.31765340013864,12.05730134066727,10.33924057314966,1.7114473718291365,1.9598523311798897,14580
79.94265340013864,25.18230134066727,8.08924057314966,3.6489473718291365,3.0848523311798894,14581
37.44265340013865,7.682301340667269,17.08924057314966,2.0989473718291367,1.5848523311798897,14582
16.19265340013865,33.932301340667266,12.58924057314966,2.8739473718291366,2.3348523311798894,14583
58.69265340013864,16.43230134066727,3.5892405731496595,1.3239473718291366,0.8348523311798892,14584
53.38015340013864,31.74480134066727,9.21424057314966,1.9051973718291366,1.3973523311798892,14585
95.88015340013864,14.24480134066727,18.214240573149663,3.455197371829137,2.8973523311798894,14586
32.13015340013865,5.494801340667269,4.7142405731496595,1.1301973718291367,2.1473523311798894,14587
74.63015340013864,22.99480134066727,13.71424057314966,2.680197371829137,0.6473523311798892,14588
64.00515340013864,36.119801340667266,2.4642405731496595,2.292697371829137,1.7723523311798897,14589
21.505153400138646,18.61980134066727,11.46424057314966,3.8426973718291366,3.2723523311798894,14590
85.25515340013864,27.36980134066727,15.96424057314966,1.5176973718291367,1.0223523311798892,14591
42.75515340013864,9.86980134066727,6.9642405731496595,3.0676973718291367,2.5223523311798894,14592
42.92116902513864,27.43816071566727,8.68689682314966,2.589377059329137,1.6727429561798897,14593
85.42116902513864,9.93816071566727,17.68689682314966,4.139377059329137,3.1727429561798894,14594
21.671169025138646,36.188160715667266,4.1868968231496595,1.8143770593291366,0.9227429561798892,14595
64.17116902513864,18.68816071566727,13.18689682314966,3.364377059329137,2.4227429561798894,14596
74.79616902513864,5.563160715667269,19.936896823149663,2.201877059329137,1.2977429561798892,14597
32.29616902513865,23.06316071566727,10.93689682314966,3.7518770593291366,2.7977429561798894,14598
96.04616902513864,31.81316071566727,15.43689682314966,1.4268770593291367,2.0477429561798894,14599
53.54616902513864,14.31316071566727,6.4368968231496595,2.9768770593291367,0.5477429561798892,14600
58.85866902513864,34.000660715667266,14.31189682314966,3.5581270593291365,0.36024295617988916,14601
16.35866902513865,16.50066071566727,5.3118968231496595,2.0081270593291367,1.8602429561798897,14602
37.60866902513865,25.25066071566727,18.811896823149663,2.7831270593291366,2.6102429561798894,14603
80.10866902513864,7.750660715667269,9.81189682314966,1.2331270593291366,1.1102429561798892,14604
69.48366902513864,29.62566071566727,7.5618968231496595,3.9456270593291367,2.9852429561798894,14605
26.983669025138646,12.12566071566727,16.56189682314966,2.3956270593291364,1.4852429561798892,14606
90.73366902513864,38.375660715667266,12.06189682314966,3.170627059329137,0.7352429561798892,14607
48.23366902513864,20.87566071566727,3.0618968231496595,1.6206270593291365,2.2352429561798894,14608
50.88991902513864,39.469410715667266,5.8743968231496595,1.3300020593291366,2.3289929561798894,14609
93.38991902513864,21.96941071566727,14.87439682314966,2.8800020593291364,0.8289929561798892,14610
29.639919025138646,30.71941071566727,10.37439682314966,2.105002059329137,3.0789929561798894,14611
72.13991902513864,13.21941071566727,19.374396823149663,3.655002059329137,1.5789929561798897,14612
82.76491902513864,26.34441071566727,17.12439682314966,1.7175020593291368,0.45399295617988916,14613
40.26491902513865,8.84441071566727,8.12439682314966,3.2675020593291366,1.9539929561798897,14614
19.014919025138646,35.094410715667266,3.6243968231496595,2.4925020593291367,2.7039929561798894,14615
61.51491902513864,17.59441071566727,12.62439682314966,4.042502059329136,1.2039929561798892,14616
56.20241902513864,32.906910715667266,18.249396823149663,3.073752059329137,1.0164929561798892,14617
98.70241902513864,15.40691071566727,9.24939682314966,1.5237520593291367,2.5164929561798894,14618
34.95241902513865,6.656910715667269,13.74939682314966,3.848752059329137,1.7664929561798897,14619
77.45241902513864,24.15691071566727,4.7493968231496595,2.2987520593291366,3.2664929561798894,14620
66.82741902513864,37.281910715667266,11.49939682314966,2.686252059329137,2.1414929561798894,14621
24.327419025138646,19.78191071566727,2.4993968231496595,1.1362520593291368,0.6414929561798892,14622
88.07741902513864,28.53191071566727,6.9993968231496595,3.4612520593291367,1.3914929561798892,14623
45.57741902513864,11.03191071566727,15.99939682314966,1.9112520593291367,2.8914929561798894,14624
46.90554402513864,36.735035715667266,19.655646823149663,3.897189559329137,0.7821179561798892,14625
89.40554402513864,19.23503571566727,10.65564682314966,2.347189559329137,2.2821179561798894,14626
25.655544025138646,27.98503571566727,15.15564682314966,3.122189559329137,3.0321179561798894,14627
68.15554402513864,10.48503571566727,6.1556468231496595,1.5721895593291366,1.5321179561798892,14628
78.78054402513864,32.360035715667266,12.90564682314966,3.5096895593291366,2.6571179561798894,14629
36.28054402513865,14.86003571566727,3.9056468231496595,1.9596895593291368,1.1571179561798892,14630
15.030544025138648,6.110035715667269,8.40564682314966,2.7346895593291367,0.40711795617988916,14631
57.53054402513864,23.61003571566727,17.40564682314966,1.1846895593291367,1.9071179561798897,14632
62.84304402513864,25.79753571566727,5.0306468231496595,2.1534395593291364,2.0946179561798894,14633
20.343044025138646,8.29753571566727,14.03064682314966,3.7034395593291367,0.5946179561798892,14634
41.59304402513865,34.547535715667266,9.53064682314966,1.3784395593291368,1.3446179561798892,14635
84.09304402513864,17.04753571566727,18.530646823149663,2.928439559329137,2.8446179561798894,14636
73.46804402513864,38.922535715667266,16.28064682314966,2.5409395593291366,0.9696179561798892,14637
30.968044025138646,21.42253571566727,7.2806468231496595,4.090939559329136,2.4696179561798894,14638
94.71804402513864,30.17253571566727,2.7806468231496595,1.7659395593291367,1.7196179561798897,14639
52.21804402513864,12.67253571566727,11.78064682314966,3.3159395593291365,3.2196179561798894,14640
49.56179402513864,31.26628571566727,13.46814682314966,2.6378145593291364,1.4383679561798892,14641
92.06179402513864,13.76628571566727,4.4681468231496595,4.187814559329137,2.9383679561798894,14642
28.311794025138646,5.016285715667269,17.96814682314966,3.412814559329137,2.1883679561798894,14643
70.81179402513864,22.51628571566727,8.96814682314966,1.8628145593291365,0.6883679561798892,14644
81.43679402513864,35.641285715667266,6.7181468231496595,3.0253145593291366,1.8133679561798897,14645
38.93679402513865,18.14128571566727,15.71814682314966,1.4753145593291368,0.31336795617988916,14646
17.68679402513865,26.89128571566727,11.21814682314966,3.8003145593291365,1.0633679561798892,14647
60.18679402513864,9.39128571566727,2.2181468231496595,2.2503145593291367,2.5633679561798894,14648
54.87429402513864,7.203785715667269,10.09314682314966,1.6690645593291367,2.7508679561798894,14649
97.37429402513864,24.70378571566727,19.093146823149663,3.2190645593291367,1.2508679561798892,14650
33.62429402513865,33.453785715667266,5.5931468231496595,2.444064559329137,0.5008679561798892,14651
76.12429402513864,15.95378571566727,14.59314682314966,3.9940645593291366,2.0008679561798894,14652
65.49929402513864,29.07878571566727,3.3431468231496595,1.2815645593291367,3.1258679561798894,14653
22.999294025138646,11.57878571566727,12.34314682314966,2.831564559329137,1.6258679561798897,14654
86.74929402513864,37.828785715667266,16.84314682314966,2.0565645593291366,2.3758679561798894,14655
44.24929402513864,20.32878571566727,7.8431468231496595,3.606564559329137,0.8758679561798892,14656
44.91335652513864,5.836598215667269,16.70252182314966,3.1948458093291365,2.3055554561798894,14657
87.41335652513864,23.33659821566727,7.7025218231496595,1.6448458093291367,0.8055554561798892,14658
23.663356525138646,32.086598215667266,3.2025218231496595,3.969845809329137,1.5555554561798892,14659
66.16335652513864,14.58659821566727,12.20252182314966,2.4198458093291366,3.0555554561798894,14660
76.78835652513864,27.71159821566727,5.4525218231496595,2.807345809329137,1.1805554561798892,14661
34.28835652513865,10.21159821566727,14.45252182314966,1.2573458093291368,2.6805554561798894,14662
98.03835652513864,36.461598215667266,9.95252182314966,3.5823458093291367,1.9305554561798897,14663
55.53835652513864,18.96159821566727,18.952521823149663,2.0323458093291364,0.43055545617988916,14664
60.85085652513864,29.89909821566727,11.07752182314966,4.163595809329136,0.6180554561798892,14665
18.35085652513865,12.39909821566727,2.0775218231496595,2.6135958093291367,2.1180554561798894,14666
39.60085652513865,38.649098215667266,6.5775218231496595,1.8385958093291368,2.8680554561798894,14667
82.10085652513864,21.14909821566727,15.57752182314966,3.3885958093291366,1.3680554561798892,14668
71.47585652513864,34.274098215667266,17.82752182314966,1.4510958093291366,2.4930554561798894,14669
28.975856525138646,16.77409821566727,8.82752182314966,3.0010958093291364,0.9930554561798892,14670
92.72585652513864,25.52409821566727,13.32752182314966,2.226095809329137,3.2430554561798894,14671
50.22585652513864,8.02409821566727,4.3275218231496595,3.776095809329137,1.7430554561798897,14672
52.88210652513864,26.61784821566727,2.6400218231496595,3.6792208093291365,2.9618054561798894,14673
95.38210652513864,9.11784821566727,11.64002182314966,2.1292208093291367,1.4618054561798892,14674
31.63210652513865,35.367848215667266,16.14002182314966,2.9042208093291366,0.7118054561798892,14675
74.13210652513864,17.86784821566727,7.1400218231496595,1.3542208093291368,2.2118054561798894,14676
84.75710652513864,39.742848215667266,9.39002182314966,4.066720809329137,0.33680545617988916,14677
42.25710652513865,22.24284821566727,18.390021823149663,2.5167208093291364,1.8368054561798897,14678
21.007106525138646,30.99284821566727,4.8900218231496595,3.291720809329137,2.5868054561798894,14679
63.50710652513864,13.49284821566727,13.89002182314966,1.7417208093291365,1.0868054561798892,14680
58.19460652513864,37.555348215667266,8.26502182314966,2.322970809329137,1.2743054561798892,14681
15.694606525138648,20.05534821566727,17.26502182314966,3.8729708093291366,2.7743054561798894,14682
36.94460652513865,28.80534821566727,12.76502182314966,1.5479708093291367,2.0243054561798894,14683
79.44460652513864,11.30534821566727,3.7650218231496595,3.0979708093291367,0.5243054561798892,14684
68.81960652513864,33.180348215667266,15.01502182314966,1.9354708093291366,1.6493054561798897,14685
26.319606525138646,15.68034821566727,6.0150218231496595,3.485470809329137,3.1493054561798894,14686
90.06960652513864,6.930348215667269,19.515021823149663,1.1604708093291367,0.8993054561798892,14687
47.56960652513864,24.43034821566727,10.51502182314966,2.710470809329137,2.3993054561798894,14688
46.24148152513864,31.53972321566727,7.4212718231496595,1.4995333093291368,3.1961804561798894,14689
88.74148152513864,14.03972321566727,16.42127182314966,3.049533309329137,1.6961804561798897,14690
24.991481525138646,5.289723215667269,11.92127182314966,2.2745333093291364,2.4461804561798894,14691
67.49148152513864,22.78972321566727,2.9212718231496595,3.8245333093291367,0.9461804561798892,14692
78.11648152513864,35.914723215667266,14.17127182314966,1.1120333093291366,2.8211804561798894,14693
35.61648152513865,18.41472321566727,5.1712718231496595,2.6620333093291366,1.3211804561798892,14694
99.36648152513864,27.16472321566727,18.671271823149663,1.8870333093291367,0.5711804561798892,14695
56.86648152513864,9.66472321566727,9.67127182314966,3.4370333093291365,2.0711804561798894,14696
62.17898152513864,38.102223215667266,4.0462718231496595,2.8557833093291367,1.8836804561798897,14697
19.678981525138646,20.60222321566727,13.04627182314966,1.3057833093291367,0.38368045617988916,14698
40.92898152513865,29.35222321566727,17.54627182314966,3.6307833093291366,1.1336804561798892,14699
83.42898152513864,11.85222321566727,8.54627182314966,2.080783309329137,2.6336804561798894,14700
72.80398152513864,24.97722321566727,10.79627182314966,3.243283309329137,1.5086804561798892,14701
30.303981525138646,7.477223215667269,19.796271823149663,1.6932833093291366,3.0086804561798894,14702
94.05398152513864,33.727223215667266,6.2962718231496595,4.018283309329137,2.2586804561798894,14703
51.55398152513864,16.22722321566727,15.29627182314966,2.468283309329137,0.7586804561798892,14704
48.89773152513864,34.820973215667266,12.48377182314966,1.9839083093291365,0.8524304561798892,14705
91.39773152513864,17.32097321566727,3.4837718231496595,3.533908309329137,2.3524304561798894,14706
27.647731525138646,26.07097321566727,7.9837718231496595,1.2089083093291366,1.6024304561798897,14707
70.14773152513864,8.57097321566727,16.98377182314966,2.7589083093291364,3.1024304561798894,14708
80.77273152513864,30.44597321566727,19.233771823149663,2.3714083093291367,1.9774304561798897,14709
38.27273152513865,12.94597321566727,10.23377182314966,3.9214083093291365,0.47743045617988916,14710
17.02273152513865,39.195973215667266,14.73377182314966,1.5964083093291368,1.2274304561798892,14711
59.52273152513864,21.69597321566727,5.7337718231496595,3.1464083093291366,2.7274304561798894,14712
54.21023152513864,28.25847321566727,15.85877182314966,4.115158309329137,2.5399304561798894,14713
96.71023152513864,10.75847321566727,6.8587718231496595,2.565158309329137,1.0399304561798892,14714
32.96023152513865,37.008473215667266,2.3587718231496595,3.3401583093291367,3.2899304561798894,14715
75.46023152513864,19.50847321566727,11.35877182314966,1.7901583093291367,1.7899304561798897,14716
64.83523152513864,6.383473215667269,4.6087718231496595,3.727658309329137,0.6649304561798892,14717
22.335231525138646,23.88347321566727,13.60877182314966,2.1776583093291366,2.1649304561798894,14718
86.08523152513864,32.633473215667266,9.10877182314966,2.952658309329137,2.9149304561798894,14719
43.58523152513864,15.13347321566727,18.108771823149663,1.4026583093291367,1.4149304561798892,14720
43.25320027513864,34.410816965667266,4.6790843231496595,2.7952364343291367,3.0438367061798894,14721
85.75320027513864,16.91081696566727,13.67908432314966,1.2452364343291367,1.5438367061798892,14722
22.003200275138646,25.66081696566727,9.17908432314966,3.5702364343291366,0.7938367061798892,14723
64.50320027513864,8.16081696566727,18.179084323149663,2.020236434329137,2.2938367061798894,14724
75.12820027513864,30.03581696566727,15.92908432314966,3.182736434329137,0.41883670617988916,14725
32.62820027513865,12.53581696566727,6.9290843231496595,1.6327364343291366,1.9188367061798897,14726
96.37820027513864,38.785816965667266,2.4290843231496595,3.957736434329137,2.6688367061798894,14727
53.87820027513864,21.28581696566727,11.42908432314966,2.407736434329137,1.1688367061798892,14728
59.19070027513864,27.84831696566727,19.304084323149663,1.8264864343291367,1.3563367061798892,14729
16.69070027513865,10.34831696566727,10.30408432314966,3.3764864343291365,2.8563367061798894,14730
37.94070027513865,36.598316965667266,14.80408432314966,2.6014864343291366,2.1063367061798894,14731
80.44070027513864,19.09831696566727,5.8040843231496595,4.151486434329136,0.6063367061798892,14732
69.81570027513864,5.973316965667269,12.55408432314966,1.4389864343291368,1.7313367061798897,14733
27.315700275138646,23.47331696566727,3.5540843231496595,2.988986434329137,3.2313367061798894,14734
91.06570027513864,32.223316965667266,8.05408432314966,2.2139864343291364,0.9813367061798892,14735
48.56570027513864,14.72331696566727,17.05408432314966,3.7639864343291367,2.4813367061798894,14736
51.22195027513864,33.317066965667266,9.74158432314966,3.8608614343291365,2.2000867061798894,14737
93.72195027513864,15.81706696566727,18.741584323149663,2.3108614343291367,0.7000867061798892,14738
29.971950275138646,7.067066965667269,5.2415843231496595,3.0858614343291366,1.4500867061798892,14739
72.47195027513864,24.56706696566727,14.24158432314966,1.5358614343291368,2.9500867061798894,14740
83.09695027513864,37.692066965667266,2.9915843231496595,3.473361434329137,1.0750867061798892,14741
40.59695027513865,20.19206696566727,11.99158432314966,1.9233614343291365,2.5750867061798894,14742
19.346950275138646,28.94206696566727,16.49158432314966,2.6983614343291364,1.8250867061798897,14743
61.84695027513864,11.44206696566727,7.4915843231496595,1.1483614343291366,0.32508670617988916,14744
56.53445027513864,39.879566965667266,13.11658432314966,2.1171114343291366,0.5125867061798892,14745
99.03445027513864,22.37956696566727,4.1165843231496595,3.667111434329137,2.0125867061798894,14746
35.28445027513865,31.12956696566727,17.61658432314966,1.3421114343291367,2.7625867061798894,14747
77.78445027513864,13.62956696566727,8.61658432314966,2.892111434329137,1.2625867061798892,14748
67.15945027513864,26.75456696566727,6.3665843231496595,2.504611434329137,2.3875867061798894,14749
24.659450275138646,9.25456696566727,15.36658432314966,4.054611434329137,0.8875867061798892,14750
88.40945027513864,35.504566965667266,10.86658432314966,1.7296114343291367,3.1375867061798894,14751
45.90945027513864,18.00456696566727,19.866584323149663,3.2796114343291367,1.6375867061798897,14752
47.23757527513864,25.11394196566727,14.52283432314966,1.3905489343291366,0.9344617061798892,14753
89.73757527513864,7.613941965667269,5.5228343231496595,2.9405489343291364,2.4344617061798894,14754
25.987575275138646,33.863941965667266,19.022834323149663,2.165548934329137,1.6844617061798897,14755
68.48757527513864,16.36394196566727,10.02283432314966,3.715548934329137,3.1844617061798894,14756
79.11257527513864,38.238941965667266,7.7728343231496595,1.7780489343291368,2.0594617061798894,14757
36.61257527513865,20.73894196566727,16.77283432314966,3.3280489343291366,0.5594617061798892,14758
15.362575275138648,29.48894196566727,12.27283432314966,2.5530489343291367,1.3094617061798892,14759
57.86257527513864,11.98894196566727,3.2728343231496595,4.103048934329136,2.8094617061798894,14760
63.17507527513864,36.051441965667266,8.89783432314966,3.1342989343291365,2.6219617061798894,14761
20.675075275138646,18.55144196566727,17.89783432314966,1.5842989343291367,1.1219617061798892,14762
41.92507527513865,27.30144196566727,4.3978343231496595,3.909298934329137,0.37196170617988916,14763
84.42507527513864,9.80144196566727,13.39783432314966,2.3592989343291366,1.8719617061798897,14764
73.80007527513864,31.67644196566727,2.1478343231496595,2.746798934329137,0.7469617061798892,14765
31.30007527513865,14.17644196566727,11.14783432314966,1.1967989343291368,2.2469617061798894,14766
95.05007527513864,5.426441965667269,15.64783432314966,3.5217989343291367,2.9969617061798894,14767
52.55007527513864,22.92644196566727,6.6478343231496595,1.9717989343291367,1.4969617061798892,14768
49.89382527513864,6.520191965667269,18.460334323149663,2.4561739343291364,3.0907117061798894,14769
92.39382527513864,24.02019196566727,9.46033432314966,4.006173934329137,1.5907117061798897,14770
28.643825275138646,32.770191965667266,13.96033432314966,1.6811739343291365,2.3407117061798894,14771
71.14382527513864,15.27019196566727,4.9603343231496595,3.231173934329137,0.8407117061798892,14772
81.76882527513864,28.39519196566727,11.71033432314966,2.0686739343291367,2.7157117061798894,14773
39.26882527513865,10.89519196566727,2.7103343231496595,3.6186739343291365,1.2157117061798892,14774
18.01882527513865,37.145191965667266,7.2103343231496595,1.2936739343291366,0.46571170617988916,14775
60.51882527513864,19.64519196566727,16.21033432314966,2.8436739343291366,1.9657117061798897,14776
55.20632527513864,30.58269196566727,6.0853343231496595,3.424923934329137,1.7782117061798897,14777
97.70632527513864,13.08269196566727,15.08533432314966,1.8749239343291366,3.2782117061798894,14778
33.95632527513865,39.332691965667266,10.58533432314966,2.649923934329137,1.0282117061798892,14779
76.45632527513864,21.83269196566727,19.585334323149663,4.199923934329137,2.5282117061798894,14780
65.83132527513864,34.957691965667266,17.33533432314966,3.8124239343291366,1.4032117061798892,14781
23.331325275138646,17.45769196566727,8.33533432314966,2.262423934329137,2.9032117061798894,14782
87.08132527513864,26.20769196566727,3.8353343231496595,3.0374239343291367,2.1532117061798894,14783
44.58132527513864,8.70769196566727,12.83533432314966,1.4874239343291367,0.6532117061798892,14784
43.91726277513864,29.21550446566727,3.6947093231496595,1.8507051843291367,2.4110242061798894,14785
86.41726277513864,11.71550446566727,12.69470932314966,3.4007051843291367,0.9110242061798892,14786
22.667262775138646,37.965504465667266,17.19470932314966,4.175705184329137,3.1610242061798894,14787
65.16726277513864,20.46550446566727,8.19470932314966,2.625705184329137,1.6610242061798897,14788
75.79226277513864,33.590504465667266,10.44470932314966,2.2382051843291366,0.5360242061798892,14789
33.29226277513865,16.09050446566727,19.444709323149663,3.788205184329137,2.0360242061798894,14790
97.04226277513864,24.84050446566727,5.9447093231496595,1.4632051843291367,2.7860242061798894,14791
54.54226277513864,7.340504465667269,14.94470932314966,3.013205184329137,1.2860242061798892,14792
59.85476277513864,5.153004465667269,7.0697093231496595,3.9819551843291365,1.0985242061798892,14793
17.35476277513865,22.65300446566727,16.06970932314966,2.4319551843291367,2.5985242061798894,14794
38.60476277513865,31.40300446566727,11.56970932314966,3.2069551843291366,1.8485242061798897,14795
81.10476277513864,13.90300446566727,2.5697093231496595,1.6569551843291368,0.34852420617988916,14796
70.47976277513864,27.02800446566727,13.81970932314966,3.594455184329137,2.2235242061798894,14797
27.979762775138646,9.52800446566727,4.8197093231496595,2.0444551843291365,0.7235242061798892,14798
91.72976277513864,35.778004465667266,18.319709323149663,2.8194551843291364,1.4735242061798892,14799
49.22976277513864,18.27800446566727,9.31970932314966,1.2694551843291366,2.9735242061798894,14800
51.88601277513864,36.871754465667266,15.50720932314966,1.5600801843291368,1.5672742061798897,14801
94.38601277513864,19.37175446566727,6.5072093231496595,3.110080184329137,3.0672742061798894,14802
30.636012775138646,28.12175446566727,2.0072093231496595,2.3350801843291364,0.8172742061798892,14803
73.13601277513864,10.62175446566727,11.00720932314966,3.8850801843291367,2.3172742061798894,14804
83.76101277513864,32.496754465667266,4.2572093231496595,1.1725801843291366,1.1922742061798892,14805
41.26101277513865,14.99675446566727,13.25720932314966,2.7225801843291366,2.6922742061798894,14806
20.011012775138646,6.246754465667269,8.75720932314966,1.9475801843291367,1.9422742061798897,14807
62.51101277513864,23.74675446566727,17.75720932314966,3.4975801843291365,0.44227420617988916,14808
57.19851277513864,25.93425446566727,12.13220932314966,2.9163301843291367,3.2547742061798894,14809
99.69851277513864,8.43425446566727,3.1322093231496595,1.3663301843291367,1.7547742061798897,14810
35.94851277513865,34.684254465667266,7.6322093231496595,3.6913301843291366,2.5047742061798894,14811
78.44851277513864,17.18425446566727,16.63220932314966,2.141330184329137,1.0047742061798892,14812
67.82351277513864,39.059254465667266,18.882209323149663,3.303830184329137,2.8797742061798894,14813
25.323512775138646,21.55925446566727,9.88220932314966,1.7538301843291366,1.3797742061798892,14814
89.07351277513864,30.30925446566727,14.38220932314966,4.078830184329137,0.6297742061798892,14815
46.57351277513864,12.80925446566727,5.3822093231496595,2.528830184329137,2.1297742061798894,14816
45.24538777513864,38.512379465667266,11.28845932314966,3.6428926843291367,1.5203992061798892,14817
87.74538777513864,21.01237946566727,2.2884593231496595,2.0928926843291364,3.0203992061798894,14818
23.995387775138646,29.76237946566727,6.7884593231496595,2.867892684329137,2.2703992061798894,14819
66.49538777513864,12.26237946566727,15.78845932314966,1.3178926843291368,0.7703992061798892,14820
77.12038777513864,25.38737946566727,18.038459323149663,4.030392684329136,1.8953992061798897,14821
34.62038777513865,7.887379465667269,9.03845932314966,2.4803926843291366,0.39539920617988916,14822
98.37038777513864,34.137379465667266,13.53845932314966,3.2553926843291365,1.1453992061798892,14823
55.87038777513864,16.63737946566727,4.5384593231496595,1.7053926843291367,2.6453992061798894,14824
61.18288777513864,31.94987946566727,16.91345932314966,2.286642684329137,2.8328992061798894,14825
18.68288777513865,14.44987946566727,7.9134593231496595,3.836642684329137,1.3328992061798892,14826
39.93288777513865,5.699879465667269,3.4134593231496595,1.5116426843291366,0.5828992061798892,14827
82.43288777513864,23.19987946566727,12.41345932314966,3.0616426843291364,2.0828992061798894,14828
71.80788777513864,36.324879465667266,5.6634593231496595,1.8991426843291368,3.2078992061798894,14829
29.307887775138646,18.82487946566727,14.66345932314966,3.4491426843291366,1.7078992061798897,14830
93.05788777513864,27.57487946566727,10.16345932314966,1.1241426843291367,2.4578992061798894,14831
50.55788777513864,10.07487946566727,19.163459323149663,2.6741426843291367,0.9578992061798892,14832
47.90163777513864,28.66862946566727,8.47595932314966,3.352267684329137,0.6766492061798892,14833
90.40163777513864,11.16862946566727,17.47595932314966,1.8022676843291365,2.1766492061798894,14834
26.651637775138646,37.418629465667266,12.97595932314966,4.127267684329137,2.9266492061798894,14835
69.15163777513864,19.91862946566727,3.9759593231496595,2.5772676843291364,1.4266492061798892,14836
79.77663777513864,6.793629465667269,15.22595932314966,2.9647676843291366,2.5516492061798894,14837
37.27663777513865,24.29362946566727,6.2259593231496595,1.4147676843291368,1.0516492061798892,14838
16.02663777513865,33.043629465667266,19.725959323149663,3.7397676843291365,0.30164920617988916,14839
58.52663777513864,15.54362946566727,10.72595932314966,2.1897676843291367,1.8016492061798897,14840
53.21413777513864,35.231129465667266,2.8509593231496595,1.2210176843291367,1.9891492061798897,14841
95.71413777513864,17.73112946566727,11.85095932314966,2.771017684329137,0.48914920617988916,14842
31.96413777513865,26.48112946566727,16.35095932314966,1.9960176843291366,1.2391492061798892,14843
74.46413777513864,8.98112946566727,7.3509593231496595,3.546017684329137,2.7391492061798894,14844
63.83913777513864,30.85612946566727,9.60095932314966,1.6085176843291367,0.8641492061798892,14845
21.339137775138646,13.35612946566727,18.600959323149663,3.1585176843291367,2.3641492061798894,14846
85.08913777513864,39.606129465667266,5.1009593231496595,2.383517684329137,1.6141492061798897,14847
42.58913777513864,22.10612946566727,14.10095932314966,3.9335176843291366,3.1141492061798894,14848
42.67214558763864,30.75359040316727,8.17713119814966,1.2543184655791366,2.2440320186798894,14849
85.17214558763864,13.25359040316727,17.17713119814966,2.8043184655791364,0.7440320186798892,14850
21.422145587638646,39.503590403167266,12.67713119814966,2.0293184655791365,1.4940320186798892,14851
63.92214558763864,22.00359040316727,3.6771311981496595,3.579318465579137,2.9940320186798894,14852
74.54714558763864,35.128590403167266,14.92713119814966,1.6418184655791368,1.1190320186798892,14853
32.04714558763865,17.62859040316727,5.9271311981496595,3.1918184655791366,2.6190320186798894,14854
95.79714558763864,26.37859040316727,19.427131198149663,2.4168184655791367,1.8690320186798897,14855
53.29714558763864,8.87859040316727,10.42713119814966,3.9668184655791365,0.36903201867988916,14856
58.60964558763864,6.691090403167269,2.5521311981496595,2.998068465579137,0.5565320186798892,14857
16.10964558763865,24.19109040316727,11.55213119814966,1.4480684655791367,2.0565320186798894,14858
37.35964558763865,32.941090403167266,16.05213119814966,3.773068465579137,2.8065320186798894,14859
79.85964558763864,15.44109040316727,7.0521311981496595,2.2230684655791366,1.3065320186798892,14860
69.23464558763864,28.56609040316727,9.30213119814966,2.610568465579137,2.4315320186798894,14861
26.734645587638646,11.06609040316727,18.302131198149663,4.160568465579137,0.9315320186798892,14862
90.48464558763864,37.316090403167266,4.8021311981496595,3.3855684655791367,3.1815320186798894,14863
47.98464558763864,19.81609040316727,13.80213119814966,1.8355684655791367,1.6815320186798897,14864
50.64089558763864,36.222340403167266,10.98963119814966,2.513693465579137,2.9002820186798894,14865
93.14089558763864,18.72234040316727,19.989631198149663,4.063693465579137,1.4002820186798892,14866
29.390895587638646,27.47234040316727,6.4896311981496595,1.7386934655791366,0.6502820186798892,14867
71.89089558763864,9.97234040316727,15.48963119814966,3.288693465579137,2.1502820186798894,14868
82.51589558763864,31.84734040316727,17.73963119814966,2.126193465579137,3.2752820186798894,14869
40.01589558763865,14.34734040316727,8.73963119814966,3.6761934655791366,1.7752820186798897,14870
18.76589558763865,5.597340403167269,13.23963119814966,1.3511934655791367,2.5252820186798894,14871
61.26589558763864,23.09734040316727,4.2396311981496595,2.9011934655791367,1.0252820186798892,14872
55.95339558763864,25.28484040316727,16.61463119814966,3.4824434655791365,1.2127820186798892,14873
98.45339558763864,7.784840403167269,7.6146311981496595,1.9324434655791367,2.7127820186798894,14874
34.70339558763865,34.034840403167266,3.1146311981496595,2.7074434655791366,1.9627820186798897,14875
77.20339558763864,16.53484040316727,12.11463119814966,1.1574434655791366,0.46278201867988916,14876
66.57839558763864,38.409840403167266,5.3646311981496595,3.8699434655791367,1.5877820186798897,14877
24.078395587638646,20.90984040316727,14.36463119814966,2.3199434655791364,3.0877820186798894,14878
87.82839558763864,29.65984040316727,9.86463119814966,3.094943465579137,0.8377820186798892,14879
45.32839558763864,12.15984040316727,18.864631198149663,1.5449434655791368,2.3377820186798894,14880
46.65652058763864,38.956715403167266,15.77088119814966,2.6590059655791367,3.2284070186798894,14881
89.15652058763864,21.45671540316727,6.7708811981496595,1.1090059655791367,1.7284070186798897,14882
25.406520587638646,30.20671540316727,2.2708811981496595,3.4340059655791366,2.4784070186798894,14883
67.90652058763864,12.70671540316727,11.27088119814966,1.8840059655791368,0.9784070186798892,14884
78.53152058763864,25.83171540316727,4.5208811981496595,3.0465059655791364,2.8534070186798894,14885
36.03152058763865,8.33171540316727,13.52088119814966,1.4965059655791366,1.3534070186798892,14886
99.78152058763864,34.581715403167266,9.02088119814966,3.821505965579137,0.6034070186798892,14887
57.28152058763864,17.08171540316727,18.020881198149663,2.271505965579137,2.1034070186798894,14888
62.59402058763864,32.394215403167266,12.39588119814966,1.6902559655791367,1.9159070186798897,14889
20.094020587638646,14.89421540316727,3.3958811981496595,3.2402559655791365,0.41590701867988916,14890
41.34402058763865,6.144215403167269,7.8958811981496595,2.4652559655791366,1.1659070186798892,14891
83.84402058763864,23.64421540316727,16.89588119814966,4.015255965579136,2.6659070186798894,14892
73.21902058763864,36.769215403167266,19.145881198149663,1.3027559655791368,1.5409070186798892,14893
30.719020587638646,19.26921540316727,10.14588119814966,2.852755965579137,3.0409070186798894,14894
94.46902058763864,28.01921540316727,14.64588119814966,2.0777559655791364,2.2909070186798894,14895
51.96902058763864,10.51921540316727,5.6458811981496595,3.6277559655791367,0.7909070186798892,14896
49.31277058763864,26.92546540316727,3.9583811981496595,3.9183809655791366,0.8846570186798892,14897
91.81277058763864,9.42546540316727,12.95838119814966,2.368380965579137,2.3846570186798894,14898
28.062770587638646,35.675465403167266,17.45838119814966,3.1433809655791367,1.6346570186798897,14899
70.56277058763864,18.17546540316727,8.45838119814966,1.5933809655791367,3.1346570186798894,14900
81.18777058763864,5.050465403167269,10.70838119814966,3.530880965579137,2.0096570186798894,14901
38.68777058763865,22.55046540316727,19.708381198149663,1.9808809655791366,0.5096570186798892,14902
17.43777058763865,31.30046540316727,6.2083811981496595,2.755880965579137,1.2596570186798892,14903
59.93777058763864,13.80046540316727,15.20838119814966,1.2058809655791367,2.7596570186798894,14904
54.62527058763864,33.487965403167266,7.3333811981496595,2.1746309655791367,2.5721570186798894,14905
97.12527058763864,15.98796540316727,16.33338119814966,3.7246309655791365,1.0721570186798892,14906
33.37527058763865,24.73796540316727,11.83338119814966,1.3996309655791368,0.32215701867988916,14907
75.87527058763864,7.237965403167269,2.8333811981496595,2.9496309655791366,1.8221570186798897,14908
65.25027058763864,29.11296540316727,14.08338119814966,2.5621309655791364,0.6971570186798892,14909
22.750270587638646,11.61296540316727,5.0833811981496595,4.112130965579137,2.1971570186798894,14910
86.50027058763864,37.862965403167266,18.583381198149663,1.7871309655791365,2.9471570186798894,14911
44.00027058763864,20.36296540316727,9.58338119814966,3.337130965579137,1.4471570186798892,14912
44.66433308763864,34.855152903167266,18.161506198149663,3.7488497155791367,1.7518445186798897,14913
87.16433308763864,17.35515290316727,9.16150619814966,2.1988497155791364,3.2518445186798894,14914
23.414333087638646,26.10515290316727,13.66150619814966,2.973849715579137,1.0018445186798892,14915
65.91433308763864,8.60515290316727,4.6615061981496595,1.4238497155791368,2.5018445186798894,14916
76.53933308763864,30.48015290316727,11.41150619814966,4.136349715579136,1.3768445186798892,14917
34.03933308763865,12.98015290316727,2.4115061981496595,2.5863497155791366,2.8768445186798894,14918
97.78933308763864,39.230152903167266,6.9115061981496595,3.3613497155791365,2.1268445186798894,14919
55.28933308763864,21.73015290316727,15.91150619814966,1.8113497155791367,0.6268445186798892,14920
60.60183308763864,28.29265290316727,5.7865061981496595,2.392599715579137,0.43934451867988916,14921
18.10183308763865,10.79265290316727,14.78650619814966,3.942599715579137,1.9393445186798897,14922
39.35183308763865,37.042652903167266,10.28650619814966,1.6175997155791366,2.6893445186798894,14923
81.85183308763864,19.54265290316727,19.286506198149663,3.167599715579137,1.1893445186798892,14924
71.22683308763864,6.417652903167269,17.03650619814966,2.005099715579137,3.0643445186798894,14925
28.726833087638646,23.91765290316727,8.03650619814966,3.5550997155791366,1.5643445186798892,14926
92.47683308763864,32.667652903167266,3.5365061981496595,1.2300997155791367,0.8143445186798892,14927
49.97683308763864,15.16765290316727,12.53650619814966,2.7800997155791367,2.3143445186798894,14928
52.63308308763864,31.57390290316727,14.22400619814966,3.2644747155791367,2.4080945186798894,14929
95.13308308763864,14.07390290316727,5.2240061981496595,1.7144747155791367,0.9080945186798892,14930
31.38308308763865,5.323902903167269,18.724006198149663,4.039474715579137,3.1580945186798894,14931
73.88308308763864,22.82390290316727,9.72400619814966,2.489474715579137,1.6580945186798897,14932
84.50808308763864,35.948902903167266,7.4740061981496595,2.876974715579137,0.5330945186798892,14933
42.00808308763865,18.44890290316727,16.47400619814966,1.3269747155791367,2.0330945186798894,14934
20.758083087638646,27.19890290316727,11.97400619814966,3.651974715579137,2.7830945186798894,14935
63.25808308763864,9.69890290316727,2.9740061981496595,2.1019747155791366,1.2830945186798892,14936
57.94558308763864,38.136402903167266,8.59900619814966,1.1332247155791366,1.0955945186798892,14937
15.445583087638648,20.63640290316727,17.59900619814966,2.6832247155791364,2.5955945186798894,14938
36.69558308763865,29.38640290316727,4.0990061981496595,1.9082247155791365,1.8455945186798897,14939
79.19558308763864,11.88640290316727,13.09900619814966,3.458224715579137,0.34559451867988916,14940
68.57058308763864,25.01140290316727,19.849006198149663,1.5207247155791368,2.2205945186798894,14941
26.070583087638646,7.511402903167269,10.84900619814966,3.0707247155791366,0.7205945186798892,14942
89.82058308763864,33.761402903167266,15.34900619814966,2.2957247155791367,1.4705945186798892,14943
47.32058308763864,16.26140290316727,6.3490061981496595,3.8457247155791365,2.9705945186798894,14944
45.99245808763864,26.65202790316727,10.00525619814966,1.9566622155791367,0.7674695186798892,14945
88.49245808763864,9.15202790316727,19.005256198149663,3.5066622155791367,2.2674695186798894,14946
24.742458087638646,35.402027903167266,5.5052561981496595,1.1816622155791368,3.0174695186798894,14947
67.24245808763864,17.90202790316727,14.50525619814966,2.731662215579137,1.5174695186798892,14948
77.86745808763864,39.777027903167266,3.2552561981496595,2.3441622155791366,2.6424695186798894,14949
35.36745808763865,22.27702790316727,12.25525619814966,3.894162215579137,1.1424695186798892,14950
99.11745808763864,31.02702790316727,16.75525619814966,1.5691622155791367,0.39246951867988916,14951
56.61745808763864,13.52702790316727,7.7552561981496595,3.1191622155791365,1.8924695186798897,14952
61.92995808763864,37.589527903167266,13.38025619814966,4.087912215579136,2.0799695186798894,14953
19.429958087638646,20.08952790316727,4.3802561981496595,2.5379122155791367,0.5799695186798892,14954
40.67995808763865,28.83952790316727,17.88025619814966,3.3129122155791366,1.3299695186798892,14955
83.17995808763864,11.33952790316727,8.88025619814966,1.7629122155791368,2.8299695186798894,14956
72.55495808763864,33.214527903167266,6.6302561981496595,3.700412215579137,0.9549695186798892,14957
30.054958087638646,15.71452790316727,15.63025619814966,2.150412215579137,2.4549695186798894,14958
93.80495808763864,6.964527903167269,11.13025619814966,2.9254122155791364,1.7049695186798897,14959
51.30495808763864,24.46452790316727,2.1302561981496595,1.3754122155791366,3.2049695186798894,14960
48.64870808763864,5.870777903167269,4.9427561981496595,1.4722872155791367,1.4237195186798892,14961
91.14870808763864,23.37077790316727,13.94275619814966,3.0222872155791367,2.9237195186798894,14962
27.398708087638646,32.120777903167266,9.44275619814966,2.247287215579137,2.1737195186798894,14963
69.89870808763864,14.62077790316727,18.442756198149663,3.7972872155791366,0.6737195186798892,14964
80.52370808763864,27.74577790316727,16.19275619814966,4.184787215579137,1.7987195186798897,14965
38.02370808763865,10.24577790316727,7.1927561981496595,2.634787215579137,3.2987195186798894,14966
16.77370808763865,36.495777903167266,2.6927561981496595,1.8597872155791366,1.0487195186798892,14967
59.27370808763864,18.99577790316727,11.69275619814966,3.409787215579137,2.5487195186798894,14968
53.96120808763864,29.93327790316727,19.567756198149663,2.8285372155791366,2.7362195186798894,14969
96.46120808763864,12.43327790316727,10.56775619814966,1.2785372155791366,1.2362195186798892,14970
32.71120808763865,38.683277903167266,15.06775619814966,3.6035372155791365,0.48621951867988916,14971
75.21120808763864,21.18327790316727,6.0677561981496595,2.0535372155791367,1.9862195186798897,14972
64.58620808763864,34.308277903167266,12.81775619814966,3.216037215579137,3.1112195186798894,14973
22.086208087638646,16.80827790316727,3.8177561981496595,1.6660372155791365,1.6112195186798897,14974
85.83620808763864,25.55827790316727,8.31775619814966,3.9910372155791367,2.3612195186798894,14975
43.33620808763864,8.05827790316727,17.31775619814966,2.4410372155791364,0.8612195186798892,14976
43.66823933763864,6.280934153167269,12.18494369814966,3.7851778405791365,2.4901257686798894,14977
86.16823933763864,23.78093415316727,3.1849436981496595,2.2351778405791367,0.9901257686798892,14978
22.418239337638646,32.530934153167266,7.6849436981496595,3.0101778405791366,3.2401257686798894,14979
64.91823933763864,15.03093415316727,16.68494369814966,1.4601778405791368,1.7401257686798897,14980
75.54323933763864,28.15593415316727,18.934943698149663,3.397677840579137,0.6151257686798892,14981
33.04323933763865,10.65593415316727,9.93494369814966,1.8476778405791365,2.1151257686798894,14982
96.79323933763864,36.905934153167266,14.43494369814966,2.6226778405791364,2.8651257686798894,14983
54.29323933763864,19.40593415316727,5.4349436981496595,4.172677840579137,1.3651257686798892,14984
59.60573933763864,30.34343415316727,15.55994369814966,2.0414278405791366,1.1776257686798892,14985
17.10573933763865,12.84343415316727,6.5599436981496595,3.591427840579137,2.6776257686798894,14986
38.35573933763865,39.093434153167266,2.0599436981496595,1.2664278405791367,1.9276257686798897,14987
80.85573933763864,21.59343415316727,11.05994369814966,2.816427840579137,0.42762576867988916,14988
70.23073933763864,34.718434153167266,4.3099436981496595,2.428927840579137,2.3026257686798894,14989
27.730739337638646,17.21843415316727,13.30994369814966,3.9789278405791366,0.8026257686798892,14990
91.48073933763864,25.96843415316727,8.80994369814966,1.6539278405791367,1.5526257686798892,14991
48.98073933763864,8.46843415316727,17.80994369814966,3.2039278405791367,3.0526257686798894,14992
51.63698933763864,24.87468415316727,7.1224436981496595,2.7195528405791367,1.6463757686798897,14993
94.13698933763864,7.374684153167269,16.12244369814966,1.1695528405791367,3.1463757686798894,14994
30.386989337638646,33.624684153167266,11.62244369814966,3.4945528405791366,0.8963757686798892,14995
72.88698933763864,16.12468415316727,2.6224436981496595,1.9445528405791368,2.3963757686798894,14996
83.51198933763864,37.999684153167266,13.87244369814966,3.107052840579137,1.2713757686798892,14997
41.01198933763865,20.49968415316727,4.8724436981496595,1.5570528405791366,2.7713757686798894,14998
19.761989337638646,29.24968415316727,18.372443698149663,3.882052840579137,2.0213757686798894,14999
62.26198933763864,11.74968415316727,9.37244369814966,2.332052840579137,0.5213757686798892,15000
